id,question,answer,category,source,created_at
0,パンはパンでも食べられないパンは？,フライパン,ダジャレ・同音異義語,generated,2026-06-22 10:33:05
1,パンはパンでも食べられるパンは？,食パン,ダジャレ・同音異義語,generated,2026-06-22 10:33:05
2,パンはパンでも噛めないパンは？,歯磨き粉（ハミガキのパン的な…いや）→すりばん（擂り鉢）,ダジャレ・同音異義語,generated,2026-06-22 10:33:05
3,パンはパンでも乗り物のパンは？,パン（バン）→ライトバン,ダジャレ・同音異義語,generated,2026-06-22 10:33:05
4,お茶はお茶でも人の役に立たないお茶は？,むだ茶（無駄茶）,ダジャレ・同音異義語,generated,2026-06-22 10:33:05
5,お茶はお茶でも飲めないお茶は？,おちゃのこさいさい,ダジャレ・同音異義語,generated,2026-06-22 10:33:05
6,カレーはカレーでも食べられないカレーは？,カレンダー（カレン＋ダー）,ダジャレ・同音異義語,generated,2026-06-22 10:33:05
7,うどんはうどんでも食べられないうどんは？,うどんげ（優曇華）,ダジャレ・同音異義語,generated,2026-06-22 10:33:05
8,すしはすしでも食べられないすしは？,すしづめ（鮨詰め／満員電車）,ダジャレ・同音異義語,generated,2026-06-22 10:33:05
9,てんぷらはてんぷらでも食べられないてんぷらは？,テンプレート（template）,ダジャレ・同音異義語,generated,2026-06-22 10:33:05
10,りんごはりんごでも学校にあるりんごは？,わリンゴ（輪ゴム）,ダジャレ・同音異義語,generated,2026-06-22 10:33:05
11,ぶどうはぶどうでも学校にあるぶどうは？,ぶどう（武道）,ダジャレ・同音異義語,generated,2026-06-22 10:33:05
12,みかんはみかんでも目に入らないみかんは？,みかん（蜜柑）→蜜柑は目に入らない,ダジャレ・同音異義語,generated,2026-06-22 10:33:05
13,いかはイカでも食べられないイカは？,いかさま（伊賀様）,ダジャレ・同音異義語,generated,2026-06-22 10:33:05
14,たこはタコでも食べられないタコは？,たこ（凧）,ダジャレ・同音異義語,generated,2026-06-22 10:33:05
15,かにカニでも食べられないカニは？,かに（蟹）→かにかくに,ダジャレ・同音異義語,generated,2026-06-22 10:33:05
16,えびはエビでも食べられないエビは？,えびす（恵比寿）,ダジャレ・同音異義語,generated,2026-06-22 10:33:05
17,とりはトリでも食べられないトリは？,トリ（取り）→取引（とりひき）,ダジャレ・同音異義語,generated,2026-06-22 10:33:05
18,ぶたはブタでも食べられないブタは？,ぶた（豚）→ぶた（蓋）,ダジャレ・同音異義語,generated,2026-06-22 10:33:05
19,うしはウシでも食べられないウシは？,うし（丑）→丑年,ダジャレ・同音異義語,generated,2026-06-22 10:33:05
20,うまはウマでも食べられないウマは？,うま（午）,ダジャレ・同音異義語,generated,2026-06-22 10:33:05
21,さるはサルでも食べられないサルは？,さる（申）,ダジャレ・同音異義語,generated,2026-06-22 10:33:05
22,いぬはイヌでも食べられないイヌは？,いぬ（戌）,ダジャレ・同音異義語,generated,2026-06-22 10:33:05
23,ねずみはネズミでも食べられないネズミは？,ねずみ（子）,ダジャレ・同音異義語,generated,2026-06-22 10:33:05
24,とらはトラでも食べられないトラは？,とら（寅）,ダジャレ・同音異義語,generated,2026-06-22 10:33:05
25,野菜は野菜でも食べられない野菜は？,やさい（野菜）→やさしい,ダジャレ・同音異義語,generated,2026-06-22 10:33:05
26,たまごはタマゴでも食べられないタマゴは？,たまごっち,ダジャレ・同音異義語,generated,2026-06-22 10:33:05
27,アイスはアイスでも食べられないアイスは？,アイス（氷）→アイスノン,ダジャレ・同音異義語,generated,2026-06-22 10:33:05
28,ジュースはジュースでも飲めないジュースは？,じゅーす（呪術）,ダジャレ・同音異義語,generated,2026-06-22 10:33:05
29,めんはめんでも食べられないめんは？,めん（面）→お面,ダジャレ・同音異義語,generated,2026-06-22 10:33:05
30,やきそばはやきそばでも食べられないやきそばは？,やきそば→焼きそばじゃなくてやきそば（焼き蕎麦のイメージ）,ダジャレ・同音異義語,generated,2026-06-22 10:33:05
31,うばはウバでも飲めないウバは？,うば（乳母）,ダジャレ・同音異義語,generated,2026-06-22 10:33:05
32,かみはカミでも使えないカミは？,かみ（髪）,ダジャレ・同音異義語,generated,2026-06-22 10:33:05
33,はなはハナでもにおわないハナは？,はな（鼻）,ダジャレ・同音異義語,generated,2026-06-22 10:33:05
34,はなはハナでも見えないハナは？,はな（花）→花は見てにおうもの,ダジャレ・同音異義語,generated,2026-06-22 10:33:05
35,めはメでも見えないメは？,め（芽）,ダジャレ・同音異義語,generated,2026-06-22 10:33:05
36,みみはミミでも聞こえないミミは？,みみ（実実）→みみず（蚯蚓）,ダジャレ・同音異義語,generated,2026-06-22 10:33:05
37,くちはクチでもしゃべれないクチは？,くち（朽ち）,ダジャレ・同音異義語,generated,2026-06-22 10:33:05
38,くちはクチでも食べられないクチは？,くち（口）→くち（糊）,ダジャレ・同音異義語,generated,2026-06-22 10:33:05
39,ははハでも歯ではないハは？,は（葉）,ダジャレ・同音異義語,generated,2026-06-22 10:33:05
40,あしはアシでも歩けないアシは？,あし（芦）,ダジャレ・同音異義語,generated,2026-06-22 10:33:05
41,てはテでも書けないテは？,て（手）→手は書かない、字を書く,ダジャレ・同音異義語,generated,2026-06-22 10:33:05
42,せなかはセナカでも見えない背中は？,せなか→背中は自分では見えない,ダジャレ・同音異義語,generated,2026-06-22 10:33:05
43,あたまはアタマでも考えないアタマは？,あたま（頭）→頭文字,ダジャレ・同音異義語,generated,2026-06-22 10:33:05
44,かおはカオでも見えないカオは？,かお（顔）→顔文字,ダジャレ・同音異義語,generated,2026-06-22 10:33:05
45,くつはクツでも履けないクツは？,くつ（靴）→くつ（沓）,ダジャレ・同音異義語,generated,2026-06-22 10:33:05
46,はきものは履き物でも履けないものは？,はきもの→掃き物（ほうき）,ダジャレ・同音異義語,generated,2026-06-22 10:33:05
47,かばんはカバンでも入れられないカバンは？,かばん（鞄）→かばん（カバのん）,ダジャレ・同音異義語,generated,2026-06-22 10:33:05
48,とけいはトケイでも時計じゃないトケイは？,とけい（徒刑）,ダジャレ・同音異義語,generated,2026-06-22 10:33:05
49,かさはカサでも雨に濡れないカサは？,かさ（傘）→かさ（嵩）,ダジャレ・同音異義語,generated,2026-06-22 10:33:05
50,かさはカサでもささないカサは？,かさ（笠）,ダジャレ・同音異義語,generated,2026-06-22 10:33:05
51,はしはハシでも渡れない橋は？,はし（橋）→はし（箸）,ダジャレ・同音異義語,generated,2026-06-22 10:33:05
52,はしはハシでもご飯を食べないハシは？,はし（端）,ダジャレ・同音異義語,generated,2026-06-22 10:33:05
53,ふくはフクでも着ないフクは？,ふく（服）→ふく（福）,ダジャレ・同音異義語,generated,2026-06-22 10:33:05
54,ふくはフクでも食べ物じゃないフクは？,ふく（福）,ダジャレ・同音異義語,generated,2026-06-22 10:33:05
55,くすりはクスリでも飲めないクスリは？,くすり（薬）→くすり（と笑う）,ダジャレ・同音異義語,generated,2026-06-22 10:33:05
56,えんぴつはエンピツでも書けないエンピツは？,えんぴつ→鉛筆じゃない円筆？,ダジャレ・同音異義語,generated,2026-06-22 10:33:05
57,かみはカミでも切れないカミは？,かみ（紙）→はさみで切るもの,ダジャレ・同音異義語,generated,2026-06-22 10:33:05
58,いすはイスでも座れないイスは？,いす（椅子）→いす（イスラム教）,ダジャレ・同音異義語,generated,2026-06-22 10:33:05
59,つくえはツクエでも勉強しない机は？,つくえ→机は勉強するものじゃない,ダジャレ・同音異義語,generated,2026-06-22 10:33:05
60,ペンはペンでも書けないペンは？,ペン（ペンギン）,ダジャレ・同音異義語,generated,2026-06-22 10:33:05
61,ペンはペンでも泳げないペンは？,ペン（ペン／筆記具）,ダジャレ・同音異義語,generated,2026-06-22 10:33:05
62,ペンはペンでも飛べないペンは？,ペン（ペン）→ペンは飛べない,ダジャレ・同音異義語,generated,2026-06-22 10:33:05
63,ペンはペンでも食べられないペンは？,ペン（箆）→ウナギをつかむペン,ダジャレ・同音異義語,generated,2026-06-22 10:33:05
64,はさみはハサミでも切れないハサミは？,はさみ→ハサミムシ,ダジャレ・同音異義語,generated,2026-06-22 10:33:05
65,はさみはハサミでも紙を切らないハサミは？,はさみ（鋏）→はさみ（挟み）,ダジャレ・同音異義語,generated,2026-06-22 10:33:05
66,はさみはハサミでも髪を切らないハサミは？,はさみ→ちょっきん,ダジャレ・同音異義語,generated,2026-06-22 10:33:05
67,でんわはデンワでも話せないデンワは？,でんわ（電話）→でんわ（田んぼの話）,ダジャレ・同音異義語,generated,2026-06-22 10:33:05
68,テレビはテレビでも写らないテレビは？,テレビ→テレビン油,ダジャレ・同音異義語,generated,2026-06-22 10:33:05
69,ラジオはラジオでも聞こえないラジオは？,ラジオ→ラジオ体操,ダジャレ・同音異義語,generated,2026-06-22 10:33:05
70,ラジオはラジオでも曲がかからないラジオは？,ラジオ→ラジウム,ダジャレ・同音異義語,generated,2026-06-22 10:33:05
71,自転車は自転車でも乗れない自転車は？,自転車→自動車じゃないから乗れない→いや乗れる,ダジャレ・同音異義語,generated,2026-06-22 10:33:05
72,くるまは車でも動かない車は？,くるま→車（輪）,ダジャレ・同音異義語,generated,2026-06-22 10:33:05
73,くるまは車でも走らない車は？,くるま→ふりこ（振り子の車）,ダジャレ・同音異義語,generated,2026-06-22 10:33:05
74,くるまは車でも海を走る車は？,車→潜水艦じゃない…水陸両用車,ダジャレ・同音異義語,generated,2026-06-22 10:33:05
75,ふねは船でも沈まない船は？,ふね→ふね（船／舟）→いや沈むこともある,ダジャレ・同音異義語,generated,2026-06-22 10:33:05
76,ふねは船でも漕げない船は？,ふね→うきぶね（浮き船／浮き舟）,ダジャレ・同音異義語,generated,2026-06-22 10:33:05
77,スプーンはスプーンでもすくえないスプーンは？,スプーン→スプーン曲げ,ダジャレ・同音異義語,generated,2026-06-22 10:33:05
78,スプーンはスプーンでも食べるのに使わないスプーンは？,スプーン→靴べら,ダジャレ・同音異義語,generated,2026-06-22 10:33:05
79,フォークはフォークでも刺さらないフォークは？,フォーク→フォークダンス,ダジャレ・同音異義語,generated,2026-06-22 10:33:05
80,フォークはフォークでも食べ物じゃないフォークは？,フォーク→フォークリフト,ダジャレ・同音異義語,generated,2026-06-22 10:33:05
81,ナイフはナイフでも切れないナイフは？,ナイフ→ナイフ（ナイーブ）,ダジャレ・同音異義語,generated,2026-06-22 10:33:05
82,電車とかけて弁当と解く。その心は？,どちらも駅で売っている,なぞかけ,generated,2026-06-22 10:33:05
83,電話とかけて友情と解く。その心は？,どちらも長く続くと切れる,なぞかけ,generated,2026-06-22 10:33:05
84,階段とかけて人生と解く。その心は？,どちらも上り下りがある,なぞかけ,generated,2026-06-22 10:33:05
85,消しゴムとかけて恋人と解く。その心は？,どちらも間違いを消してくれる,なぞかけ,generated,2026-06-22 10:33:05
86,鏡とかけて夫婦と解く。その心は？,どちらも向かい合っている,なぞかけ,generated,2026-06-22 10:33:05
87,目覚まし時計とかけて約束と解く。その心は？,どちらも破ると困る,なぞかけ,generated,2026-06-22 10:33:05
88,傘とかけて友情と解く。その心は？,どちらもないと困るけど、あると邪魔なこともある,なぞかけ,generated,2026-06-22 10:33:05
89,カレンダーとかけて貯金と解く。その心は？,どちらもめくると減る,なぞかけ,generated,2026-06-22 10:33:05
90,コーヒーとかけて人生と解く。その心は？,どちらも苦いこともあるが、後味はいい,なぞかけ,generated,2026-06-22 10:33:05
91,シャワーとかけて反省と解く。その心は？,どちらも頭から浴びる,なぞかけ,generated,2026-06-22 10:33:05
92,サイフとかけて記憶と解く。その心は？,どちらもいっぱいになると閉じたくなる,なぞかけ,generated,2026-06-22 10:33:05
93,パズルとかけて恋愛と解く。その心は？,どちらもピースが合わないと完成しない,なぞかけ,generated,2026-06-22 10:33:05
94,扇風機とかけて噂話と解く。その心は？,どちらも回すと広がる,なぞかけ,generated,2026-06-22 10:33:05
95,信号機とかけて学校の成績と解く。その心は？,どちらも赤（あか）点があると止まる,なぞかけ,generated,2026-06-22 10:33:05
96,踏切とかけて人気者と解く。その心は？,どちらも遮断機（邪断機）が下りる,なぞかけ,generated,2026-06-22 10:33:05
97,冷蔵庫とかけて秘密と解く。その心は？,どちらも中を見せると冷める,なぞかけ,generated,2026-06-22 10:33:05
98,エレベーターとかけて出世と解く。その心は？,どちらも上に行くほど人が減る,なぞかけ,generated,2026-06-22 10:33:05
99,バスの停留所とかけて人生の岐路と解く。その心は？,どちらも降りる場所を間違えると遠回り,なぞかけ,generated,2026-06-22 10:33:05
100,花ととかけて教師と解く。その心は？,どちらも咲かせるのが仕事,なぞかけ,generated,2026-06-22 10:33:05
101,ハサミとかけて離婚と解く。その心は？,どちらも二つに分かれる,なぞかけ,generated,2026-06-22 10:33:05
102,ボタンとかけて約束と解く。その心は？,どちらも外れると困る,なぞかけ,generated,2026-06-22 10:33:05
103,蜂の巣とかけてアパートと解く。その心は？,どちらも個室がいっぱい,なぞかけ,generated,2026-06-22 10:33:05
104,水道の蛇口とかけて涙と解く。その心は？,どちらもひねると出る,なぞかけ,generated,2026-06-22 10:33:05
105,鉛筆とかけて恋と解く。その心は？,どちらも削れば削るほど短くなる,なぞかけ,generated,2026-06-22 10:33:05
106,郵便ポストとかけて井戸端会議と解く。その心は？,どちらも一日一回は覗かれる,なぞかけ,generated,2026-06-22 10:33:05
107,文房具屋さんとかけて八百屋さんと解く。その心は？,どちらもはさみ（鋏／菠薐草）を売っている,なぞかけ,generated,2026-06-22 10:33:05
108,天気予報とかけて占いと解く。その心は？,どちらも当たるも八卦,なぞかけ,generated,2026-06-22 10:33:05
109,漢字で書くと「海の月」、ふわふわ浮かぶ海の生き物は？,クラゲ,漢字連想,generated,2026-06-22 10:33:05
110,漢字で書くと「河の馬」、水の中に住む大きな動物は？,カバ,漢字連想,generated,2026-06-22 10:33:05
111,漢字で書くと「空の鳥」、一番高いところを飛ぶ鳥は？,くうのとり→「？」正解は「クジラ」ではない,漢字連想,generated,2026-06-22 10:33:05
112,木へんに春と書く、春に花を咲かせる木は？,椿（つばき）,漢字連想,generated,2026-06-22 10:33:05
113,木へんに秋と書く、秋に実をつける木は？,楸（ひさぎ）→いや「かき（柿）」,漢字連想,generated,2026-06-22 10:33:05
114,魚へんに馬と書く、海のギャングと呼ばれる魚は？,鮫（サメ）,漢字連想,generated,2026-06-22 10:33:05
115,魚へんに雪と書く、冬に美味しい白身の魚は？,鱈（タラ）,漢字連想,generated,2026-06-22 10:33:05
116,魚へんに春夏秋冬、秋の魚は？,鰍（カジカ）？→いや鮭（シャケ／サケ）,漢字連想,generated,2026-06-22 10:33:05
117,魚へんに弱いと書く、柔らかくて美味しい魚は？,鰯（イワシ）,漢字連想,generated,2026-06-22 10:33:05
118,鳥へんに九十九と書く、いつもグチョグチョな鳥は？,鳩（はと）→九十九＝つくも→いつもくちばしをグチョグチョ,漢字連想,generated,2026-06-22 10:33:05
119,虫へんに冬と書く、秋に鳴く虫は？,蟋蟀（コオロギ）,漢字連想,generated,2026-06-22 10:33:05
120,草かんむりに冬と書く、冬に食べると美味しい野菜は？,とう（冬）な（菜）→冬瓜（とうがん）,漢字連想,generated,2026-06-22 10:33:05
121,くちへんに鳥と書く、人の話を聞かない鳥は？,鸚鵡（オウム）→口に鳥→くちばし,漢字連想,generated,2026-06-22 10:33:05
122,くちへんに木と書く、口にすると苦い果物は？,杏（あんず／きょう）→口＋木,漢字連想,generated,2026-06-22 10:33:05
123,へんとつくりを合わせてできる漢字、右と左を合わせると？,右＋左＝？→「右」と「左」を合わせると「差」,漢字連想,generated,2026-06-22 10:33:05
124,「木」に「子」を足すとできる果物は？,李（すもも）,漢字連想,generated,2026-06-22 10:33:05
125,「口」に「鳥」を足すとできる鳥は？,鳴く（なく）鳥→口＋鳥＝鳴,漢字連想,generated,2026-06-22 10:33:05
126,「日」と「月」を合わせると明るいという字になる。では「月」と「月」を合わせると？,朋（とも）,漢字連想,generated,2026-06-22 10:33:05
127,「一」と「大」を合わせるとできる漢字は？,天,漢字連想,generated,2026-06-22 10:33:05
128,「人」と「人」が支え合う漢字は？,大→二人が支え合って大,漢字連想,generated,2026-06-22 10:33:05
129,「田」に「力」を足すとできるものは？,男→田んぼで力仕事→男,漢字連想,generated,2026-06-22 10:33:05
130,「女」に「子」を足すとできるのは？,好（好き）→女の子が好き,漢字連想,generated,2026-06-22 10:33:05
131,「山」に「山」を重ねるとできるものは？,出（山＋山＝出）？→実は「出」は山＋山ではない,漢字連想,generated,2026-06-22 10:33:05
132,「門」の中に「馬」が入るとできる駅名は？,馬車道（馬車道駅）→門＋馬＝闖（そう／ちん）,漢字連想,generated,2026-06-22 10:33:05
133,赤いという字なのに青いという意味の漢字は？,赤（あか）→実は「赤」は本来「あかい」だけでなく「あか」色全般,漢字連想,generated,2026-06-22 10:33:05
134,魚の名前なのに、魚へんがつかない魚は？,タコ、イカ、クラゲ、エビ、カニ,漢字連想,generated,2026-06-22 10:33:05
135,鳥の名前なのに、鳥へんがつかない鳥は？,ペンギン、ダチョウ、コウモリ（哺乳類）,漢字連想,generated,2026-06-22 10:33:05
136,植物なのに草かんむりや木へんがつかない植物は？,バラ、チューリップ、コスモス,漢字連想,generated,2026-06-22 10:33:05
137,漢字で書くとき、四角に囲まれると別の意味になるものは？,「口」に「木」で「困」（木が口に囲まれると困る）,漢字連想,generated,2026-06-22 10:33:05
138,心という漢字が三つ集まると何になる？,心＋心＋心＝惢（ずい／つらなる）,漢字連想,generated,2026-06-22 10:33:05
139,水という漢字が三つ集まると？,水＋水＋水＝淼（びょう）,漢字連想,generated,2026-06-22 10:33:05
140,火という漢字が三つ集まると？,火＋火＋火＝焱（えん）,漢字連想,generated,2026-06-22 10:33:05
141,サッカーが好きな人にあげるプレゼントは？,シュート（靴＋投げる？→「シュート」）,言葉遊び,generated,2026-06-22 10:33:05
142,頭に雪が積もっている食べ物は？,かき氷（頭に雪＝シロップ）,言葉遊び,generated,2026-06-22 10:33:05
143,ゾウが乗っている車は？,ゾウカー（ゾウ＋カー）,言葉遊び,generated,2026-06-22 10:33:05
144,ご飯を食べるときに使う武器は？,おはし（箸）,言葉遊び,generated,2026-06-22 10:33:05
145,着るとみんなが驚く服は？,びっくり（驚く）→びっくりする服＝新品,言葉遊び,generated,2026-06-22 10:33:05
146,雨の日にかぎりなく近づけるものは？,かさ（傘）→かぎりなく近い＝限りなく→限りなく降る,言葉遊び,generated,2026-06-22 10:33:05
147,猫の手も借りたいときに借りるものは？,猫の手（もちろん借りられない）,言葉遊び,generated,2026-06-22 10:33:05
148,ご飯を食べるときに失礼にならない音は？,おいしい（という音はない）→「いただきます」,言葉遊び,generated,2026-06-22 10:33:05
149,切手を貼らないとどうなる？,手紙が届かない,言葉遊び,generated,2026-06-22 10:33:05
150,カラオケで歌うと貯金できるのは？,カラオケ貯金（歌うたびにへたっぴだと罰金）,言葉遊び,generated,2026-06-22 10:33:05
151,逆立ちすると速くなる乗り物は？,新幹線（逆さまにすると線幹新→線が幹で新しい）,言葉遊び,generated,2026-06-22 10:33:05
152,耳が二つあるのに聞こえないものは？,ダンボール（段ボールの両耳）,言葉遊び,generated,2026-06-22 10:33:05
153,壁に向かって言う言葉は？,壁に向かって話す→「ついたち（一日）」,言葉遊び,generated,2026-06-22 10:33:05
154,食べると口がへの字になる食べ物は？,梅干し（すっぱくて口がへの字）,言葉遊び,generated,2026-06-22 10:33:05
155,水に弱い虫は？,水虫（みずむし）,言葉遊び,generated,2026-06-22 10:33:05
156,足が4本あるのに歩けないものは？,机（足が4本の家具）,言葉遊び,generated,2026-06-22 10:33:05
157,1年中眠い野菜は？,冬眠（とうみん）→ズッキーニ（ではなく標準的）→ネギ（寝起きがネギ？）,言葉遊び,generated,2026-06-22 10:33:05
158,子どもが3人集まるとできるものは？,三人寄れば文殊の知恵,言葉遊び,generated,2026-06-22 10:33:05
159,いつも人のうしろにいるものは？,影,言葉遊び,generated,2026-06-22 10:33:05
160,子どもの頃は黒くて、大人になると赤くなる果物は？,梅（青梅→赤い梅干し）,言葉遊び,generated,2026-06-22 10:33:05
161,からだが半分しかない鳥は？,半分しかない鳥→鳥の半分→はんぶん＋とり→ハト？いや「ハーフバード」,言葉遊び,generated,2026-06-22 10:33:05
162,口の周りにぐるっと巻いた食べ物は？,口の周り→くちまわり→「口回り」→ぐるぐる巻き→ロールパン,言葉遊び,generated,2026-06-22 10:33:05
163,1分ごとに鳴く鳥は？,カッコウ（カッコウ＝刻刻→時を刻む）,言葉遊び,generated,2026-06-22 10:33:05
164,歩くとカチカチ音がする生き物は？,カチカチ→カチューシャ→いや時計（カチカチと歩く時計）,言葉遊び,generated,2026-06-22 10:33:05
165,世界中の人の耳の後ろにあるものは？,耳の後ろ→知っている→みんな知っているもの＝あご,言葉遊び,generated,2026-06-22 10:33:05
166,さかさまにすると逆に読める食べ物は？,さかさま読む→「スイカ」→「カイス」→いや「カイス」は食べ物じゃない,言葉遊び,generated,2026-06-22 10:33:05
167,中にクマが住んでいるお菓子は？,くまのプーさんのおなか→はちみつ→蜂蜜入りお菓子,言葉遊び,generated,2026-06-22 10:33:05
168,夏にしか会えない雪だるまは？,かき氷（雪のように白い）,言葉遊び,generated,2026-06-22 10:33:05
169,会えば会うほど短くなる関係は？,ろうそく（会う＝火を合わせると短くなる）,言葉遊び,generated,2026-06-22 10:33:05
170,パンダの好きな食べ物は笹だけど、パンダの嫌いな食べ物は？,笹以外のもの（パンダは芸が細かい）,言葉遊び,generated,2026-06-22 10:33:05
171,ネコの好きな温度は？,ニャン度（にゃんど＝ニャン＋温度）,言葉遊び,generated,2026-06-22 10:33:05
172,犬がよく見る夢は？,ワンワン（ワンちゃんの夢）→「ワン」の夢,言葉遊び,generated,2026-06-22 10:33:05
173,真っ暗な部屋で探し物をするときのコツは？,電気をつける,言葉遊び,generated,2026-06-22 10:33:05
174,いつも静かなのに、話し始めるとうるさいものは？,テレビ（つけるとうるさい）,言葉遊び,generated,2026-06-22 10:33:05
175,風が吹けば桶屋が儲かる。では風が吹くとどうなる？,桶屋が儲かる（なぞなぞではなくことわざの例）,言葉遊び,generated,2026-06-22 10:33:05
176,お風呂に入る前にするべきことは？,服を脱ぐ,言葉遊び,generated,2026-06-22 10:33:05
177,食べ物の話をすると出てくる怪獣は？,食いしん坊（怪獣ではない）→おなかすいた怪獣→ハングリー,言葉遊び,generated,2026-06-22 10:33:05
178,机に向かって1時間も動かない生き物は？,勉強する人（人間）,言葉遊び,generated,2026-06-22 10:33:05
179,持っているだけで幸せな気分になるものは？,お年玉（お年玉袋）,言葉遊び,generated,2026-06-22 10:33:05
180,白くて甘くて、夏に溶けてしまうものは？,アイスクリーム,言葉遊び,generated,2026-06-22 10:33:05
181,上から見ると丸くて、横から見ると三角のものは？,円錐（コーン）,言葉遊び,generated,2026-06-22 10:33:05
182,赤い中に黒いつぶつぶが入っている果物は？,スイカ,言葉遊び,generated,2026-06-22 10:33:05
183,黄色い皮の中に白い部屋があって、そこに兄弟が住んでいる果物は？,ミカン,言葉遊び,generated,2026-06-22 10:33:05
184,年に一度だけ、好きなことを言っていい日は？,誕生日,言葉遊び,generated,2026-06-22 10:33:05
185,生まれたときから老いているものは？,鏡（映す人は老けていくが鏡は変わらない）,言葉遊び,generated,2026-06-22 10:33:05
186,誰でも吹けるのに、音階がない楽器は？,ハーモニカ→いや笛→いや口笛,言葉遊び,generated,2026-06-22 10:33:05
187,止まると死んでしまう生き物は？,鳥（止まると死ぬ→はばたき続ける→渡り鳥？いや、止まると死ぬのはツバメ？）,言葉遊び,generated,2026-06-22 10:33:05
188,食べると目が覚める食べ物は？,目玉焼き（目玉が覚める）,言葉遊び,generated,2026-06-22 10:33:05
189,耳にすると美味しいものは？,耳寄りな話（耳寄り＝耳＋より）,言葉遊び,generated,2026-06-22 10:33:05
190,雪がとけると何になる？,水（雪→水→春）,言葉遊び,generated,2026-06-22 10:33:05
191,富士山が静岡県と山梨県の境にあるように、なぞなぞとクイズの境は？,答えに納得するか、知識か,言葉遊び,generated,2026-06-22 10:33:05
192,宇宙人が見ているテレビ番組は？,UFO（UFO＝ユーホー）,言葉遊び,generated,2026-06-22 10:33:05
193,卵が先か、ニワトリが先か？なぞなぞの答えは？,卵（なぞなぞは卵が先、なぜならなぞなぞの「なぞ」は「卵」ということばを間違えたものだから）,言葉遊び,generated,2026-06-22 10:33:05
194,男の人も女の人も持っているけど、自分では見えないものは？,後ろ頭,言葉遊び,generated,2026-06-22 10:33:05
195,思っているだけで叶うことは？,思い（思うこと）,言葉遊び,generated,2026-06-22 10:33:05
196,お母さんのお腹の中にいる間に覚える言葉は？,お母さんのお腹→「おかあさんのおなか」→お腹にいる＝胎内→胎教,言葉遊び,generated,2026-06-22 10:33:05
197,一度も見たことがないのに、明日には会えるものは？,明日（あした）,言葉遊び,generated,2026-06-22 10:33:05
198,新しいほど暗い家具は？,タンス（新品の引き出しの中は暗い）,言葉遊び,generated,2026-06-22 10:33:05
199,古いほど明るくなるものは？,知識（古くても明るい）,言葉遊び,generated,2026-06-22 10:33:05
200,目は一つで、寝ているときは役に立たないものは？,針（針の目）,言葉遊び,generated,2026-06-22 10:33:05
201,手が2本なのに触れないものは？,時計の針,言葉遊び,generated,2026-06-22 10:33:05
202,話すときはいつも口を大きく開けるものは？,あくび,言葉遊び,generated,2026-06-22 10:33:05
203,中に入れば入るほど、外が見たくなるものは？,牢屋／部屋,言葉遊び,generated,2026-06-22 10:33:05
204,書けば書くほど汚くなるものは？,黒板（チョークで書くほど白く汚れる）,言葉遊び,generated,2026-06-22 10:33:05
205,冷やすと甘くなる果物は？,スイカ（冷やすと甘く感じる）,言葉遊び,generated,2026-06-22 10:33:05
206,一年中赤い信号を出しているものは？,サンタクロースの服（赤い）,言葉遊び,generated,2026-06-22 10:33:05
207,2＋2＋2は？,6→階段（2段＋2段＋2段＝6段）,ひっかけ,generated,2026-06-22 10:33:05
208,3＋3÷3は？,4（3＋(3÷3)＝4→でもなぞなぞ的には「三たす三わる三」の語呂で「さんたすさんわるさん」）,ひっかけ,generated,2026-06-22 10:33:05
209,10＋10は？,20（二十）→「二十」を合わせると「廿」（にじゅう）,ひっかけ,generated,2026-06-22 10:33:05
210,20＋20は？,40（四十）→「四十」を合わせると「卌」,ひっかけ,generated,2026-06-22 10:33:05
211,5＋5＋5は？,15（十五）→5が3つで555？いや5円＋5円＋5円＝15円,ひっかけ,generated,2026-06-22 10:33:05
212,100＋100は？,200→百＋百＝二百→「百」二つ,ひっかけ,generated,2026-06-22 10:33:05
213,朝の4時に出発して、4時間後に着く。着くのは何時？,8時（午前8時）,ひっかけ,generated,2026-06-22 10:33:05
214,夜の9時に寝て、8時間後に起きる。起きるのは何時？,朝の5時,ひっかけ,generated,2026-06-22 10:33:05
215,12時間後にまた会おうと言われた。今が午前9時なら、会うのは何時？,午後9時,ひっかけ,generated,2026-06-22 10:33:05
216,5分前行動と言うけど、5分前のことを何と言う？,4分55秒前（→「5分前」は5分前）,ひっかけ,generated,2026-06-22 10:33:05
217,明日の前日は？,今日（明日の前の日は今日）,ひっかけ,generated,2026-06-22 10:33:05
218,昨日の次の日は？,今日（昨日の次は今日）,ひっかけ,generated,2026-06-22 10:33:05
219,明後日の前日は？,明日（明後日の前の日は明日）,ひっかけ,generated,2026-06-22 10:33:05
220,一昨日の次の次の日は？,今日（一昨日→昨日→今日）,ひっかけ,generated,2026-06-22 10:33:05
221,生まれてから一度も歯を磨いたことがない人がいる。でも虫歯がない。なぜ？,赤ちゃん（歯がまだ生えていない）,ひっかけ,generated,2026-06-22 10:33:05
222,毎日お風呂に入っているのに、一度も体を洗ったことがない人は？,赤ちゃん（沐浴させられている）,ひっかけ,generated,2026-06-22 10:33:05
223,年中水を飲んでいるのに、トイレに行かない人は？,植物（水を吸っても排泄しない）,ひっかけ,generated,2026-06-22 10:33:05
224,口がきけない人がいる。でも電話で話せる。なぜ？,手話（電話で話すことはできない）→FAX,ひっかけ,generated,2026-06-22 10:33:05
225,目が見えないのに新聞が読める人は？,目の見えない人→点字の新聞を読む,ひっかけ,generated,2026-06-22 10:33:05
226,耳が聞こえないのに音楽を聴ける人は？,聴覚障害者→振動で音楽を感じる,ひっかけ,generated,2026-06-22 10:33:05
227,足がないのに世界を旅するものは？,手紙（郵便で世界を旅する）,ひっかけ,generated,2026-06-22 10:33:05
228,足が4本あるのに自分では動けないものは？,机／椅子／ベッド,ひっかけ,generated,2026-06-22 10:33:05
229,泳げないのに海で生きていける魚は？,魚は泳げる→すべての魚は泳げる,ひっかけ,generated,2026-06-22 10:33:05
230,空を飛べないのに鳥と呼ばれるものは？,ダチョウ／ペンギン／キウイ,ひっかけ,generated,2026-06-22 10:33:05
231,卵を産むのに鳥ではないものは？,カメ、ワニ、ヘビ、カエル、魚,ひっかけ,generated,2026-06-22 10:33:05
232,ミルクを出すのに牛ではないものは？,ヤギ、ヒツジ、人間（母乳）,ひっかけ,generated,2026-06-22 10:33:05
233,火を使うのに料理をしない道具は？,タバコのライター／マッチ,ひっかけ,generated,2026-06-22 10:33:05
234,食べられるのに料理をしないものは？,フルーツ（そのまま食べる）,ひっかけ,generated,2026-06-22 10:33:05
235,高いところにあるのに、落ちても壊れないものは？,空（落ちるのが空なら壊れない）,ひっかけ,generated,2026-06-22 10:33:05
236,海の中にあるのに濡れないものは？,海の中の魚（魚は濡れているけど気にしない→正解は？「海底の砂」）,ひっかけ,generated,2026-06-22 10:33:05
237,水の中で燃えるものは？,水中花火（水の中でも燃える）,ひっかけ,generated,2026-06-22 10:33:05
238,火のそばにいるのに燃えないものは？,火のそばにいる人（料理人）,ひっかけ,generated,2026-06-22 10:33:05
239,熱いのに冷たいと言われるものは？,熱いお茶を飲むときに「冷めてる？」と聞くことはない→「熱い」,ひっかけ,generated,2026-06-22 10:33:05
240,年を取らないのに古くなるものは？,ワイン（年を取らないが古くなる）,ひっかけ,generated,2026-06-22 10:33:05
241,新しいのに古いと言われるものは？,古着屋の新品,ひっかけ,generated,2026-06-22 10:33:05
242,安いのに高いと言われるものは？,「安かろう悪かろう」の悪いもの,ひっかけ,generated,2026-06-22 10:33:05
243,大きいのに小さいと呼ばれるものは？,小指（指の中で一番小さい→でも5本の指の一つ）,ひっかけ,generated,2026-06-22 10:33:05
244,小さいのに大きいと呼ばれるものは？,大根（小さいのに大根）,ひっかけ,generated,2026-06-22 10:33:05
245,丸いのに角があるものは？,円形の机（角はないが角と呼ぶことも）,ひっかけ,generated,2026-06-22 10:33:05
246,曲がっているのに真っ直ぐと言われるものは？,曲がりくねった道（「この道まっすぐ？」「いや曲がってる」）,ひっかけ,generated,2026-06-22 10:33:05
247,黒いのに白いと言われるものは？,黒板（チョークで白く書くので白く見えることも）,ひっかけ,generated,2026-06-22 10:33:05
248,白いのに黒いと言われるものは？,白髪（白いのに黒髪のイメージから「白」）,ひっかけ,generated,2026-06-22 10:33:05
249,赤いのに青いと言われる果物は？,ブルーベリー（赤い実もあるが名前に青）→いや青りんご（青いがりんご）,ひっかけ,generated,2026-06-22 10:33:05
250,夏にしかない冬のものは？,アイス（冬の寒さを感じる）,ひっかけ,generated,2026-06-22 10:33:05
251,秋にしかない春のものは？,秋鮭（あきあじ）→秋に取れる春告げ魚,ひっかけ,generated,2026-06-22 10:33:05
252,冬にしかない夏のものは？,こたつ（夏は使わない→でもこたつは冬のもの）,ひっかけ,generated,2026-06-22 10:33:05
253,朝にしかない夜のものは？,朝露（朝しか見られない）→夜露（よつゆ）,ひっかけ,generated,2026-06-22 10:33:05
254,昼にしかない夜のものは？,お昼寝→夜にしか寝ない？いやお昼寝は昼に寝る,ひっかけ,generated,2026-06-22 10:33:05
255,犬を飼うときにもらえる書類は？,いぬのほしょ（犬の初書→犬の登録証）,動物なぞなぞ,generated,2026-06-22 10:33:05
256,猫がケーキを食べるときに使う道具は？,ねこ（猫）ロール（猫ロールケーキ）,動物なぞなぞ,generated,2026-06-22 10:33:05
257,猫の手を借りたい人は誰に頼む？,猫に頼む（猫の手を借りる）,動物なぞなぞ,generated,2026-06-22 10:33:05
258,ペンギンの好きな文房具は？,ペン（ペンギン→ペン＋ギン）,動物なぞなぞ,generated,2026-06-22 10:33:05
259,ペンギンが仕事中に使うものは？,ペンギン（ペン＋ぎん→銀ペン）,動物なぞなぞ,generated,2026-06-22 10:33:05
260,カンガルーのポケットの中に入っているものは？,赤ちゃんカンガルー,動物なぞなぞ,generated,2026-06-22 10:33:05
261,カンガルーの好きな食べ物は？,カンガルーの好物→不明→カンガルーの（缶ガルーの缶詰）,動物なぞなぞ,generated,2026-06-22 10:33:05
262,ゾウみたいに大きなゾウの赤ちゃんは？,小さなゾウ（どんなに大きくても赤ちゃん）,動物なぞなぞ,generated,2026-06-22 10:33:05
263,ライオンが泳げない理由は？,ライオンは泳げる（実はライオンは泳げる→泳げないというのは誤解）,動物なぞなぞ,generated,2026-06-22 10:33:05
264,シマウマのシマシマは何のためにある？,仲間と間違えないため（1頭1頭模様が違う）,動物なぞなぞ,generated,2026-06-22 10:33:05
265,キリンの首が長いのはなぜ？,遠くの美味しい葉っぱを食べるため,動物なぞなぞ,generated,2026-06-22 10:33:05
266,カメレオンが色を変えるのはなぜ？,気分や体温調節のため（カモフラージュだけじゃない）,動物なぞなぞ,generated,2026-06-22 10:33:05
267,ハリネズミのトゲトゲは何本？,ハリネズミによる（1匹1匹違う）,動物なぞなぞ,generated,2026-06-22 10:33:05
268,パンダの模様が白と黒なのはなぜ？,笹の中で目立たないため（雪の日は目立つ）,動物なぞなぞ,generated,2026-06-22 10:33:05
269,コアラがほとんど動かないのはなぜ？,ユーカリの栄養が少ないからエネルギー節約,動物なぞなぞ,generated,2026-06-22 10:33:05
270,カラスが賢いと言われる理由は？,道具を使うから（クルミを車にひかせて割るなど）,動物なぞなぞ,generated,2026-06-22 10:33:05
271,フクロウが夜に活動するのはなぜ？,目が暗闇に適応しているから,動物なぞなぞ,generated,2026-06-22 10:33:05
272,セミが成虫で過ごす期間は？,約1週間（種類による）,動物なぞなぞ,generated,2026-06-22 10:33:05
273,ホタルが光るのはなぜ？,オスメスのコミュニケーションのため,動物なぞなぞ,generated,2026-06-22 10:33:05
274,アリが行列を作るのはなぜ？,フェロモンの道をたどっているから,動物なぞなぞ,generated,2026-06-22 10:33:05
275,クモの巣が雨の日に見えやすいのはなぜ？,水滴がつくから,動物なぞなぞ,generated,2026-06-22 10:33:05
276,イヌが寝る前にくるくる回るのはなぜ？,野生時代に草を踏み固める名残,動物なぞなぞ,generated,2026-06-22 10:33:05
277,ネコがゴロゴロのどを鳴らすのはなぜ？,リラックスしているときの生理現象,動物なぞなぞ,generated,2026-06-22 10:33:05
278,クラゲの体の95%は？,水（クラゲはほとんど水でできている）,動物なぞなぞ,generated,2026-06-22 10:33:05
279,エビが加熱すると赤くなるのはなぜ？,アスタキサンチンという色素の変化,動物なぞなぞ,generated,2026-06-22 10:33:05
280,タコの足（腕）は何本？,8本（正式には腕という）,動物なぞなぞ,generated,2026-06-22 10:33:05
281,イカの足（腕）は何本？,10本（8本の腕＋2本の触腕）,動物なぞなぞ,generated,2026-06-22 10:33:05
282,カニが横歩きするのはなぜ？,脚の関節構造のため,動物なぞなぞ,generated,2026-06-22 10:33:05
283,カメが長生きするのはなぜ？,代謝が遅いから,動物なぞなぞ,generated,2026-06-22 10:33:05
284,机の上で働く動物は？,ワーク（ワーク＝机の上のカレンダーのワーク？→正しくは「机上のワーク」ではない）,道具なぞなぞ,generated,2026-06-22 10:33:05
285,机の上にのっている動物は？,ドリル（練習問題のドリル→道具のドリルとかけた言葉遊び）,道具なぞなぞ,generated,2026-06-22 10:33:05
286,壁に向かって喋っているものは？,ポスター／カレンダー,道具なぞなぞ,generated,2026-06-22 10:33:05
287,水の中で燃える道具は？,水中ライト／水中カメラ,道具なぞなぞ,generated,2026-06-22 10:33:05
288,顔が四角くて、中に世界が広がっているものは？,テレビ,道具なぞなぞ,generated,2026-06-22 10:33:05
289,押すと開くのに、引いても開かないものは？,押しボタン式のドア,道具なぞなぞ,generated,2026-06-22 10:33:05
290,引くと開くのに、押しても開かないものは？,引き戸,道具なぞなぞ,generated,2026-06-22 10:33:05
291,触ると冷たいのに、中が熱いものは？,電子レンジの中（ドアは冷たいが中は熱い）,道具なぞなぞ,generated,2026-06-22 10:33:05
292,触ると熱いのに、中が冷たいものは？,冷凍庫の外側（触ると熱いが中は冷たい）,道具なぞなぞ,generated,2026-06-22 10:33:05
293,回すと温度が変わる、壁に付いているものは？,エアコンのリモコン／サーモスタット,道具なぞなぞ,generated,2026-06-22 10:33:05
294,毎日使うのに、一度も掃除しないものは？,歯ブラシ（使うたびに洗うが掃除はしない）,道具なぞなぞ,generated,2026-06-22 10:33:05
295,朝に合わせるのに、夜に使うものは？,目覚まし時計（朝に合わせて、夜にセットする）,道具なぞなぞ,generated,2026-06-22 10:33:05
296,時間が来ると鳴くのに、口がないものは？,目覚まし時計（アラーム）,道具なぞなぞ,generated,2026-06-22 10:33:05
297,風を起こすのに、外で使うと役に立たないものは？,扇風機（外では風が感じにくい）,道具なぞなぞ,generated,2026-06-22 10:33:05
298,暑いときに使うと涼しくなるのに、寒いときに使うと温かくなるものは？,タオル（汗を拭くと涼しく、お湯で絞ると温かい）,道具なぞなぞ,generated,2026-06-22 10:33:05
299,雨の日にだけ役に立つ、晴れた日に邪魔なものは？,傘,道具なぞなぞ,generated,2026-06-22 10:33:05
300,夜にしか使わないのに、朝にしか買えないものは？,寝具／パジャマ,道具なぞなぞ,generated,2026-06-22 10:33:05
301,靴の中で一番偉いものは？,靴の「かかと」（踵＝かかと＝「家門」でもない）→「靴の王様」→King→キング→「靴のキング」,道具なぞなぞ,generated,2026-06-22 10:33:05
302,履くものの中で一番頭がいいものは？,スリッパ（スリッパ→スリップ→滑る→頭が滑る？）,道具なぞなぞ,generated,2026-06-22 10:33:05
303,着るものの中で一番元気なものは？,元気な服→げんき→ゲンキ→パーカー？,道具なぞなぞ,generated,2026-06-22 10:33:05
304,座るものの中で一番高いものは？,王座（王様の椅子）,道具なぞなぞ,generated,2026-06-22 10:33:05
305,寝るものの中で一番広いものは？,布団（敷き布団）,道具なぞなぞ,generated,2026-06-22 10:33:05
306,書くものの中で一番細いものは？,シャープペンシルの芯,道具なぞなぞ,generated,2026-06-22 10:33:05
307,消すものの中で一番大きいものは？,消しゴム→大きな消しゴム→「大型消しゴム」,道具なぞなぞ,generated,2026-06-22 10:33:05
308,切るものの中で一番小さいものは？,爪切り（爪を切る小さい道具）,道具なぞなぞ,generated,2026-06-22 10:33:05
309,貼るものの中で一番便利なものは？,絆創膏（はる＝貼る＋治る）,道具なぞなぞ,generated,2026-06-22 10:33:05
310,包むものの中で一番かわいいものは？,ラッピングペーパー（プレゼントを包む）,道具なぞなぞ,generated,2026-06-22 10:33:05
311,入れるものの中で一番大事なものは？,心（心を込めて入れる）,道具なぞなぞ,generated,2026-06-22 10:33:05
312,運ぶものの中で一番重いものは？,責任（責任を運ぶという表現）,道具なぞなぞ,generated,2026-06-22 10:33:05
313,測るものの中で一番正確なものは？,物差し（ものさし）→正確な測定器,道具なぞなぞ,generated,2026-06-22 10:33:05
314,数えるものの中で一番速いものは？,電卓（計算機）,道具なぞなぞ,generated,2026-06-22 10:33:05
315,灯すものの中で一番温かいものは？,心の灯（こころのともしび）,道具なぞなぞ,generated,2026-06-22 10:33:05
316,架けるものの中で一番長いものは？,夢の架け橋（ゆめのかけはし）,道具なぞなぞ,generated,2026-06-22 10:33:05
317,8を半分にすると？,3（8の字を縦に半分に切ると3に見える）→もしくは0（横半分）→もしくは4（数学的に）,数字・記号,generated,2026-06-22 10:33:05
318,8を横に半分にすると？,0（8の字を横半分に切ると0が二つ）,数字・記号,generated,2026-06-22 10:33:05
319,9を逆さまにすると？,6,数字・記号,generated,2026-06-22 10:33:05
320,6を逆さまにすると？,9,数字・記号,generated,2026-06-22 10:33:05
321,1を逆さまにしても同じ数字は？,1（1は逆さまでも1）,数字・記号,generated,2026-06-22 10:33:05
322,0をいくつ集めても変わらないのはなぜ？,0はいくつ集めても0,数字・記号,generated,2026-06-22 10:33:05
323,100から1を引くと？,99→でも漢字で「百」から「一」を引くと「白」,数字・記号,generated,2026-06-22 10:33:05
324,「百」から「一」を引くとできる漢字は？,白（百の一画目を取ると白）,数字・記号,generated,2026-06-22 10:33:05
325,「十」を四つ集めてできる漢字は？,米（十＋十＋十＋十＝米）,数字・記号,generated,2026-06-22 10:33:05
326,「十」を二つ組み合わせてできる漢字は？,二十→「艹」（くさかんむり）ではない→「廾」（にじゅう／こまぬき）,数字・記号,generated,2026-06-22 10:33:05
327,数字の1と数字の1でできる漢字は？,二（1＋1＝2→漢字の二）,数字・記号,generated,2026-06-22 10:33:05
328,数字の1と数字の2でできる漢字は？,三（1＋2＝3→漢字の三）,数字・記号,generated,2026-06-22 10:33:05
329,数字を1から10まで足すといくつ？,55（1+2+...+10=55）,数字・記号,generated,2026-06-22 10:33:05
330,数字を1から100まで足すといくつ？,5050（ガウスの計算）,数字・記号,generated,2026-06-22 10:33:05
331,1/2を漢字で書くと？,二分の一→「半」,数字・記号,generated,2026-06-22 10:33:05
332,1/10を漢字で書くと？,十分の一→「割」→いや「分」,数字・記号,generated,2026-06-22 10:33:05
333,∞を半分にすると？,8（∞を縦に半分に切ると8）→∞を横に半分に切ると00→0,数字・記号,generated,2026-06-22 10:33:05
334,「？」を逆さまにすると見える記号は？,¿（逆さ疑問符）,数字・記号,generated,2026-06-22 10:33:05
335,「！」を逆さまにすると見える記号は？,¡（逆さ感嘆符）,数字・記号,generated,2026-06-22 10:33:05
336,アットマーク「@」の中に隠れている動物は？,at（アット＝あっと驚く→猫？）→実は「@」は「a」と「t」の合体,数字・記号,generated,2026-06-22 10:33:05
337,「♥」を半分にすると？,ハートの半分→「♡」の半分,数字・記号,generated,2026-06-22 10:33:05
338,「★」を4つ集めるとできる記号は？,星4つ→「★★★★」→4つ星,数字・記号,generated,2026-06-22 10:33:05
339,「○」と「△」でできる形は？,○△→○の上に△→「家」の形,数字・記号,generated,2026-06-22 10:33:05
340,「○」の中に「×」を書くとできる漢字は？,田（○の中に×→田の字）,数字・記号,generated,2026-06-22 10:33:05
341,「□」の中に「×」を書くとできる漢字は？,田,数字・記号,generated,2026-06-22 10:33:05
342,3本の線でできる漢字は？,三（三本線）,数字・記号,generated,2026-06-22 10:33:05
343,4本の線でできる漢字は？,四／王（4本の線で王に見える？）,数字・記号,generated,2026-06-22 10:33:05
344,地球が丸いことを最初に言った人は？,コロンブスではない→古代ギリシャのピタゴラス学派,あるある,generated,2026-06-22 10:33:05
345,パンを食べるときに必ずする動作は？,口を開ける,あるある,generated,2026-06-22 10:33:05
346,寝ている間に必ずすることは？,息をする（寝ている間も呼吸は続く）,あるある,generated,2026-06-22 10:33:05
347,目を閉じても見えるものは？,暗闇（目を閉じると暗闇が見える）,あるある,generated,2026-06-22 10:33:05
348,耳を塞いでも聞こえる音は？,自分の心臓の音／呼吸の音,あるある,generated,2026-06-22 10:33:05
349,口を閉じてもできることは？,鼻呼吸,あるある,generated,2026-06-22 10:33:05
350,鼻を摘んでも感じるものは？,味（鼻を摘むと味がわかりにくくなるが、感じることはできる）,あるある,generated,2026-06-22 10:33:05
351,手を伸ばしても届かないのに、足を使えば届くものは？,遠くの場所（歩いていけば届く）,あるある,generated,2026-06-22 10:33:05
352,目で見るよりも、耳で聞いた方がよくわかるものは？,音楽／秘密の話,あるある,generated,2026-06-22 10:33:05
353,口で言うより、手で書いた方が伝わるものは？,複雑な漢字／図形,あるある,generated,2026-06-22 10:33:05
354,朝に一番最初にすることは？,目を開ける,あるある,generated,2026-06-22 10:33:05
355,夜に一番最後にすることは？,目を閉じる,あるある,generated,2026-06-22 10:33:05
356,ご飯を食べる前に必ず言うことは？,いただきます,あるある,generated,2026-06-22 10:33:05
357,ご飯を食べた後に必ず言うことは？,ごちそうさまでした,あるある,generated,2026-06-22 10:33:05
358,お風呂に入る前に必ずすることは？,服を脱ぐ,あるある,generated,2026-06-22 10:33:05
359,お風呂に入った後に必ずすることは？,体を拭く,あるある,generated,2026-06-22 10:33:05
360,靴を履く前に必ずすることは？,靴下を履く,あるある,generated,2026-06-22 10:33:05
361,靴下を履く前に必ずすることは？,足を出す,あるある,generated,2026-06-22 10:33:05
362,服を着る前に必ずあるものは？,裸の状態,あるある,generated,2026-06-22 10:33:05
363,「弱い」という漢字に一本線を足すと強くなる。どんな線？,弓（弱＋弓＝強：弱に弓を足すと強になる）,漢字なぞなぞ,generated,2026-06-22 10:33:05
364,「自」と「分」を組み合わせると？,自分（じぶん）,漢字なぞなぞ,generated,2026-06-22 10:33:05
365,「私」と「的」を組み合わせると？,私的（してき）,漢字なぞなぞ,generated,2026-06-22 10:33:05
366,「全」と「部」でできる言葉は？,全部（ぜんぶ）,漢字なぞなぞ,generated,2026-06-22 10:33:05
367,「大」に点を打つとできる漢字は？,犬（大に点で犬）,漢字なぞなぞ,generated,2026-06-22 10:33:05
368,「大」に棒を一本足すとできる漢字は？,天（大に棒一本→天）→大に横棒→天,漢字なぞなぞ,generated,2026-06-22 10:33:05
369,「大」に八を足すと？,大きい八→「八」＋「大」→「大」の上に八→「天」や「夫」,漢字なぞなぞ,generated,2026-06-22 10:33:05
370,「木」に一本線を足すとできる漢字は？,本（木に一本→本）／末（木の先に一本→末）,漢字なぞなぞ,generated,2026-06-22 10:33:05
371,「木」に二本線を足すとできる漢字は？,林（木＋木）／束（木に口）,漢字なぞなぞ,generated,2026-06-22 10:33:05
372,「口」に一本線を足すとできる漢字は？,日（口に横棒→日）／中（口に縦棒→中）,漢字なぞなぞ,generated,2026-06-22 10:33:05
373,「口」に二本線を足すとできる漢字は？,目（口に二本線→目）／田（口に十字→田）,漢字なぞなぞ,generated,2026-06-22 10:33:05
374,「人」を二つ組み合わせるとできる漢字は？,「人」＋「人」＝「人人」→「従」？→いや「人人」で「ひとびと」,漢字なぞなぞ,generated,2026-06-22 10:33:05
375,「人」と「人」が背中合わせになると？,北（人が背中合わせ→北）,漢字なぞなぞ,generated,2026-06-22 10:33:05
376,「女」と「女」が並ぶと？,女＋女→「姦」（かしましい）,漢字なぞなぞ,generated,2026-06-22 10:33:05
377,「山」と「山」が重なると？,山＋山→「出」（山が二つ→出という解釈もある）,漢字なぞなぞ,generated,2026-06-22 10:33:05
378,「火」が二つ集まると？,火＋火→「炎」（ほのお）,漢字なぞなぞ,generated,2026-06-22 10:33:05
379,「火」が三つ集まると？,火＋火＋火→「焱」（えん／ほむら）,漢字なぞなぞ,generated,2026-06-22 10:33:05
380,「水」が三つ集まると？,水＋水＋水→「淼」（びょう／みずぎわ）,漢字なぞなぞ,generated,2026-06-22 10:33:05
381,「日」と「月」で明るい。では「月」と「月」は？,朋（とも／ほう）,漢字なぞなぞ,generated,2026-06-22 10:33:05
382,「田」と「力」でできる漢字は？,男（田＋力＝男）,漢字なぞなぞ,generated,2026-06-22 10:33:05
383,「女」と「子」でできる漢字は？,好（女＋子＝好：好き）,漢字なぞなぞ,generated,2026-06-22 10:33:05
384,「門」の中に「馬」が入るとできる漢字は？,闖（ちん／そう）→馬が門を闖入する,漢字なぞなぞ,generated,2026-06-22 10:33:05
385,「門」の中に「虫」が入ると？,門＋虫→「閩」（びん／めん）,漢字なぞなぞ,generated,2026-06-22 10:33:05
386,「心」という漢字を三つ重ねると？,惢（ずい／つらなる）,漢字なぞなぞ,generated,2026-06-22 10:33:05
387,「白」と「水」でできる漢字は？,泉（白＋水→泉）,漢字なぞなぞ,generated,2026-06-22 10:33:05
388,「雨」と「田」でできる漢字は？,雷（雨＋田→雷）,漢字なぞなぞ,generated,2026-06-22 10:33:05
389,「雨」と「云」でできる漢字は？,雲（雨＋云→雲）,漢字なぞなぞ,generated,2026-06-22 10:33:05
390,「雨」に「林」を足すと？,霖（りん／ながあめ）,漢字なぞなぞ,generated,2026-06-22 10:33:05
391,「車」に「両」を足すと？,輛（りょう）→車両の輛,漢字なぞなぞ,generated,2026-06-22 10:33:05
392,「金」と「重」でできている金属は？,鉄（金＋重くない→鐵の旧字体→金＋重＝鐵→「重い金」）,漢字なぞなぞ,generated,2026-06-22 10:33:05
393,パンはパンでも焼けないパンのは？,フライパン,ダジャレ・同音異義語,generated,2026-06-22 10:33:05
394,パンはパンでも麺じゃないパンのは？,パスタマシン,ダジャレ・同音異義語,generated,2026-06-22 10:33:05
395,パンはパンでもパンクしてるパンのは？,パンクしたタイヤ,ダジャレ・同音異義語,generated,2026-06-22 10:33:05
396,ケーキはケーキでも食べられないケーキのは？,ケーキ（ケーキ屋さんの看板）,ダジャレ・同音異義語,generated,2026-06-22 10:33:05
397,ケーキはケーキでも丸くないケーキのは？,ウェディングケーキ（三段）,ダジャレ・同音異義語,generated,2026-06-22 10:33:05
398,ジュースはジュースでも飲めないジュースのは？,呪術（じゅじゅつ）,ダジャレ・同音異義語,generated,2026-06-22 10:33:05
399,ジュースはジュースでも凍らせないジュースのは？,樹脂（じゅし）,ダジャレ・同音異義語,generated,2026-06-22 10:33:05
400,おかしはおかしでも食べられないお菓子のは？,おかし（おかしい）,ダジャレ・同音異義語,generated,2026-06-22 10:33:05
401,おかしはおかしでも笑っちゃうお菓子のは？,おかし（可笑し）,ダジャレ・同音異義語,generated,2026-06-22 10:33:05
402,コーヒーはコーヒーでも飲めないコーヒーのは？,コーヒー（コーヒーの木）,ダジャレ・同音異義語,generated,2026-06-22 10:33:05
403,コーヒーはコーヒーでも温められないコーヒーのは？,ゴーファー（コーヒー→ゴーファー）,ダジャレ・同音異義語,generated,2026-06-22 10:33:05
404,ビールはビールでも飲めないビールのは？,ビリヤード（ビール＋ヤード）,ダジャレ・同音異義語,generated,2026-06-22 10:33:05
405,ビールはビールでも寒いビールのは？,ビール（ビル＝建物）,ダジャレ・同音異義語,generated,2026-06-22 10:33:05
406,さけはさけでも飲めない酒のは？,さけ（鮭）,ダジャレ・同音異義語,generated,2026-06-22 10:33:05
407,さけはさけでも酔えない酒のは？,さけ（酒＋焼酎）,ダジャレ・同音異義語,generated,2026-06-22 10:33:05
408,まんがはまんがでも読めない漫画のは？,まんが（マンガ＝マンガン／マンガース）,ダジャレ・同音異義語,generated,2026-06-22 10:33:05
409,まんがはまんがでも書けない漫画のは？,まんが（マンガ＝マンガのペン）,ダジャレ・同音異義語,generated,2026-06-22 10:33:05
410,しんぶんはしんぶんでも読めない新聞のは？,しんぶん（辛文→辛い文章）,ダジャレ・同音異義語,generated,2026-06-22 10:33:05
411,しんぶんはしんぶんでも折れない新聞のは？,しんぶん（新粉＝新しい粉）,ダジャレ・同音異義語,generated,2026-06-22 10:33:05
412,ざっしはざっしでも読めない雑誌のは？,ざっし（雑司→雑草の司）,ダジャレ・同音異義語,generated,2026-06-22 10:33:05
413,ほんはほんでも読めない本のは？,ほん（盆＝お盆）,ダジャレ・同音異義語,generated,2026-06-22 10:33:05
414,ほんはほんでも見えない本のは？,ほん（本書→ほんしょ）,ダジャレ・同音異義語,generated,2026-06-22 10:33:05
415,ほんはほんでも開けない本のは？,ほん（翻→ほん）,ダジャレ・同音異義語,generated,2026-06-22 10:33:05
416,えんぴつはえんぴつでも書けない鉛筆のは？,えんぴつ（エンピツ＝燕尾服のピツ？）,ダジャレ・同音異義語,generated,2026-06-22 10:33:05
417,えんぴつはえんぴつでも削れない鉛筆のは？,えんぴつ（鉛筆→エン＋ピツ）,ダジャレ・同音異義語,generated,2026-06-22 10:33:05
418,かさはかさでもさせない傘のは？,かさ（嵩→かさばるもの）,ダジャレ・同音異義語,generated,2026-06-22 10:33:05
419,かさはかさでもたためない傘のは？,かさ（笠→編み笠）,ダジャレ・同音異義語,generated,2026-06-22 10:33:05
420,かばんはかばんでも持てない鞄のは？,かばん（カバのん→カバの子ども）,ダジャレ・同音異義語,generated,2026-06-22 10:33:05
421,かばんはかばんでも開けられない鞄のは？,かばん（加番→交代できない番人）,ダジャレ・同音異義語,generated,2026-06-22 10:33:05
422,はこははこでも開けられない箱のは？,はこ（箱→函）,ダジャレ・同音異義語,generated,2026-06-22 10:33:05
423,はこははこでも運べない箱のは？,はこ（箱→秤の箱）,ダジャレ・同音異義語,generated,2026-06-22 10:33:05
424,いすはいすでも座れない椅子のは？,いす（井桁→井桁の椅子）,ダジャレ・同音異義語,generated,2026-06-22 10:33:05
425,いすはいすでも動かない椅子のは？,いす（遺す→遺産の椅子）,ダジャレ・同音異義語,generated,2026-06-22 10:33:05
426,つくえはつくえでも勉強できない机のは？,つくえ（机→ツクエは勉強しない→料理台）,ダジャレ・同音異義語,generated,2026-06-22 10:33:05
427,つくえはつくえでも平らじゃない机のは？,つくえ（机→ツクエ→机の上のもの）,ダジャレ・同音異義語,generated,2026-06-22 10:33:05
428,とけいはとけいでも時間を教えない時計のは？,とけい（徒刑→刑務所の刑）,ダジャレ・同音異義語,generated,2026-06-22 10:33:05
429,とけいはとけいでも針がない時計のは？,とけい（時計→デジタル時計）,ダジャレ・同音異義語,generated,2026-06-22 10:33:05
430,でんわはでんわでもかけられない電話のは？,でんわ（田んぼの輪）,ダジャレ・同音異義語,generated,2026-06-22 10:33:05
431,でんわはでんわでもつながらない電話のは？,でんわ（伝話→伝わらない話）,ダジャレ・同音異義語,generated,2026-06-22 10:33:05
432,テレビはテレビでも映らないテレビのは？,テレビ（テレビ→テルビ→照る日）,ダジャレ・同音異義語,generated,2026-06-22 10:33:05
433,テレビはテレビでも音が出ないテレビのは？,テレビ（手レビ→レコード）,ダジャレ・同音異義語,generated,2026-06-22 10:33:05
434,ラジオはラジオでも音が出ないラジオのは？,ラジオ（ラジオ→ラジウム時計）,ダジャレ・同音異義語,generated,2026-06-22 10:33:05
435,ラジオはラジオでも聞こえないラジオのは？,ラジオ（ラジオ→ラジェクト）,ダジャレ・同音異義語,generated,2026-06-22 10:33:05
436,はさみははさみでも紙を切らないハサミのは？,はさみ（ハサミ→ハサミムシ）,ダジャレ・同音異義語,generated,2026-06-22 10:33:05
437,はさみははさみでも髪を切らないハサミのは？,はさみ（挟み→ピンセット）,ダジャレ・同音異義語,generated,2026-06-22 10:33:05
438,はさみははさみでも布を切らないハサミのは？,はさみ（鋏→草刈りばさみ）,ダジャレ・同音異義語,generated,2026-06-22 10:33:05
439,くつはくつでも履けない靴のは？,くつ（靴→くつろぐ）,ダジャレ・同音異義語,generated,2026-06-22 10:33:05
440,くつはくつでも歩けない靴のは？,くつ（沓→雨靴は歩きにくい）,ダジャレ・同音異義語,generated,2026-06-22 10:33:05
441,くつしたはくつしたでも履けない靴下のは？,くつした（靴＋舌→靴の舌）,ダジャレ・同音異義語,generated,2026-06-22 10:33:05
442,ぼうしはぼうしでもかぶれない帽子のは？,ぼうし（帽子→某氏）,ダジャレ・同音異義語,generated,2026-06-22 10:33:05
443,ふくはふくでも着ない服のは？,ふく（服→福を着る）,ダジャレ・同音異義語,generated,2026-06-22 10:33:05
444,ふくはふくでも洗えない服のは？,ふく（服→副業）,ダジャレ・同音異義語,generated,2026-06-22 10:33:05
445,ねくたいはねくたいでも締められないネクタイのは？,ねくたい（ネクタイ→根杭）,ダジャレ・同音異義語,generated,2026-06-22 10:33:05
446,こたつはこたつでも温まらない炬燵のは？,こたつ（小たつ→小だつ）,ダジャレ・同音異義語,generated,2026-06-22 10:33:05
447,こたつはこたつでも入れない炬燵のは？,こたつ（古達→古い達人）,ダジャレ・同音異義語,generated,2026-06-22 10:33:05
448,だんろはだんろでも暖まらない暖炉のは？,だんろ（暖炉→段炉）,ダジャレ・同音異義語,generated,2026-06-22 10:33:05
449,ふとんはふとんでも寝られない布団のは？,ふとん（布団→敷き布団は寝るもの）,ダジャレ・同音異義語,generated,2026-06-22 10:33:05
450,まくらはまくらでも寝られない枕のは？,まくら（枕→枕元）,ダジャレ・同音異義語,generated,2026-06-22 10:33:05
451,かけぶとんはかけぶとんでもかけられない布団のは？,かけぶとん（掛け布団→掛け算の布団）,ダジャレ・同音異義語,generated,2026-06-22 10:33:05
452,着るパンは？,タオル（タオル→着るパン→パンの代わり→違う）→パジャマ（パジャマ→パジャマのパン）,ダジャレ・同音異義語,generated,2026-06-22 10:33:05
453,すし屋の大将がカレーを作ると何の味？,すし屋のカレー→すしカレー→スシカレー→スシカレーは何味？,ダジャレ・同音異義語,generated,2026-06-22 10:33:05
454,警察官が大好きな食べ物は？,交番（こうばん）のばん（晩ご飯）→「ばん」ごはん,ダジャレ・同音異義語,generated,2026-06-22 10:33:05
455,お巡りさんが学校に行くと何をする？,おまわりさんが学校へ→交通安全教室,ダジャレ・同音異義語,generated,2026-06-22 10:33:05
456,運転手が一番嫌いな花は？,ハンドル（ハンドル→ハンドク→半ドク→半ドクター）,ダジャレ・同音異義語,generated,2026-06-22 10:33:05
457,タクシーが通るときに必ずすることは？,料金メーターを倒す,ダジャレ・同音異義語,generated,2026-06-22 10:33:05
458,消防士が使う乗り物の名前は？,消防車（しょうぼうしゃ）,ダジャレ・同音異義語,generated,2026-06-22 10:33:05
459,医者が一番よく使う言葉は？,「い」（医）→「い」のつく言葉→「痛いですか？」,ダジャレ・同音異義語,generated,2026-06-22 10:33:05
460,看護師が一番よく履く靴は？,ナースシューズ（ナース＋シューズ）,ダジャレ・同音異義語,generated,2026-06-22 10:33:05
461,弁護士が食べるお菓子は？,べんごし（弁護士）のべん（弁）→弁当,ダジャレ・同音異義語,generated,2026-06-22 10:33:05
462,大臣が好きな食べ物は？,大臣→だいじん→大尽（だいじん→大金持ち→贅沢）,ダジャレ・同音異義語,generated,2026-06-22 10:33:05
463,社長が入る部屋は？,社長室（しゃちょうしつ）,ダジャレ・同音異義語,generated,2026-06-22 10:33:05
464,先生が好きな食べ物は？,せんせい（先生）→せん（千）せい（生）→千生→せんべい,ダジャレ・同音異義語,generated,2026-06-22 10:33:05
465,生徒が好きなお菓子は？,せいと（生徒）→せい（生）と（徒）→生徒→生チョコ,ダジャレ・同音異義語,generated,2026-06-22 10:33:05
466,子どもが好きな電車は？,子ども（こども）→こ（子）ども（共）→子どもの電車＝キッズトレイン,ダジャレ・同音異義語,generated,2026-06-22 10:33:05
467,赤ちゃんが好きなジュースは？,赤ちゃん→みるく（ミルク）,ダジャレ・同音異義語,generated,2026-06-22 10:33:05
468,お年寄りが嫌いなものは？,お年寄り→年を取ると嫌いなもの＝年齢を聞かれること,ダジャレ・同音異義語,generated,2026-06-22 10:33:05
469,学生が学校で一番楽しみな時間は？,放課後（ほうかご）,ダジャレ・同音異義語,generated,2026-06-22 10:33:05
470,先生が授業中に飲む飲み物は？,先生のお茶→せんせいのおちゃ→先生茶,ダジャレ・同音異義語,generated,2026-06-22 10:33:05
471,ひげそりとかけて人生と解く。その心は？,どちらも毎日やらないと荒れる,なぞかけ,generated,2026-06-22 10:33:05
472,エアコンとかけて親の小言と解く。その心は？,どちらも効きすぎると体に悪い,なぞかけ,generated,2026-06-22 10:33:05
473,テレビのリモコンとかけて先生と解く。その心は？,どちらもチャンネル（教科）を変えられる,なぞかけ,generated,2026-06-22 10:33:05
474,お菓子とかけて恋愛と解く。その心は？,どちらも甘いものに騙される,なぞかけ,generated,2026-06-22 10:33:05
475,布団とかけて性格と解く。その心は？,どちらも干さないとダメになる,なぞかけ,generated,2026-06-22 10:33:05
476,チャックとかけて人間関係と解く。その心は？,どちらも閉めすぎると壊れる,なぞかけ,generated,2026-06-22 10:33:05
477,ゴミ箱とかけて不満と解く。その心は？,どちらも溜めると溢れる,なぞかけ,generated,2026-06-22 10:33:05
478,踏切とかけて試験と解く。その心は？,どちらもカン（勘）が大事,なぞかけ,generated,2026-06-22 10:33:05
479,パズルとかけてプロポーズと解く。その心は？,どちらもピースが合わないと成立しない,なぞかけ,generated,2026-06-22 10:33:05
480,懐中電灯とかけて天才と解く。その心は？,どちらも暗闇で光る,なぞかけ,generated,2026-06-22 10:33:05
481,傘立てとかけて交友関係と解く。その心は？,どちらも出入りが激しい,なぞかけ,generated,2026-06-22 10:33:05
482,貯金箱とかけてダイエットと解く。その心は？,どちらもいっぱいにすると開けたくなる,なぞかけ,generated,2026-06-22 10:33:05
483,目覚まし時計とかけて将来の夢と解く。その心は？,どちらもセットしないと実現しない,なぞかけ,generated,2026-06-22 10:33:05
484,サイフとかけて記憶力と解く。その心は？,どちらも入っているものが少ないと寂しい,なぞかけ,generated,2026-06-22 10:33:05
485,体温計とかけて恋と解く。その心は？,どちらも熱を測る／熱が出る,なぞかけ,generated,2026-06-22 10:33:05
486,消しゴムとかけて恋愛の終わりと解く。その心は？,どちらも消したい過去がある,なぞかけ,generated,2026-06-22 10:33:05
487,修正テープとかけて謝罪と解く。その心は？,どちらも後から白く塗りつぶす,なぞかけ,generated,2026-06-22 10:33:05
488,虫眼鏡とかけて探偵と解く。その心は？,どちらも細かいところを見る,なぞかけ,generated,2026-06-22 10:33:05
489,磁石とかけて相性のいいカップルと解く。その心は？,どちらも離れようとすると引き合う,なぞかけ,generated,2026-06-22 10:33:05
490,入口の反対は出口。では「お」入口の反対は？,お出口（おでぐち）,言葉遊び,generated,2026-06-22 10:33:05
491,出口の反対は入口。では漢字の出口の反対は？,入口（いりぐち）,言葉遊び,generated,2026-06-22 10:33:05
492,入口と出口の間にあるものは？,通路（つうろ）,言葉遊び,generated,2026-06-22 10:33:05
493,学校の入口と出口の間にいる人は？,先生（入口→授業→出口→下校）,言葉遊び,generated,2026-06-22 10:33:05
494,お風呂の入口と出口の間に流れているものは？,お湯,言葉遊び,generated,2026-06-22 10:33:05
495,冷蔵庫の中で一番偉いのは？,レイ（冷）→冷蔵庫の王様→「レイ」王→レイアウト,言葉遊び,generated,2026-06-22 10:33:05
496,冷凍庫の中で一番寒い場所は？,冷凍庫の奥（冷気が溜まる）,言葉遊び,generated,2026-06-22 10:33:05
497,電子レンジで温められないものは？,金属（アルミホイルなど）,言葉遊び,generated,2026-06-22 10:33:05
498,トースターで焼くと一番美味しそうに見えるものは？,パン（きつね色に焼ける）,言葉遊び,generated,2026-06-22 10:33:05
499,炊飯器で一番やってはいけないことは？,中に手を入れる（火傷する）,言葉遊び,generated,2026-06-22 10:33:05
500,掃除機で一番吸い取れないものは？,静電気（掃除機では取れない）,言葉遊び,generated,2026-06-22 10:33:05
501,洗濯機の中で一番回っているものは？,洗濯物,言葉遊び,generated,2026-06-22 10:33:05
502,乾燥機の中で一番乾かないものは？,気持ち（心は乾かない）,言葉遊び,generated,2026-06-22 10:33:05
503,アイロンで一番かけてはいけないものは？,自分の手,言葉遊び,generated,2026-06-22 10:33:05
504,ミシンで縫えないものは？,壊れた心,言葉遊び,generated,2026-06-22 10:33:05
505,包丁で切れないものは？,水（水は包丁で切れない）,言葉遊び,generated,2026-06-22 10:33:05
506,まな板の上で一番多く使われる言葉は？,トントントン（包丁の音）,言葉遊び,generated,2026-06-22 10:33:05
507,鍋の中で一番熱い場所は？,鍋底（直接火が当たる）,言葉遊び,generated,2026-06-22 10:33:05
508,フライパンの中で一番踊っているものは？,油（油がはねる）,言葉遊び,generated,2026-06-22 10:33:05
509,やかんで一番多い音は？,ピーピー（お湯が沸いた音）,言葉遊び,generated,2026-06-22 10:33:05
510,箸で一番使いにくい食材は？,つるつるしたもの（ところてん、ゼリー）,言葉遊び,generated,2026-06-22 10:33:05
511,スプーンですくえないスープは？,空気のスープ（存在しない）,言葉遊び,generated,2026-06-22 10:33:05
512,フォークで刺せないサラダは？,水サラダ（ドレッシングだけ）,言葉遊び,generated,2026-06-22 10:33:05
513,ナイフで切れないパンは？,固すぎるパン（フランスパンの端）,言葉遊び,generated,2026-06-22 10:33:05
514,コップに入れられない飲み物は？,固形の飲み物（存在しない）,言葉遊び,generated,2026-06-22 10:33:05
515,グラスに注げないお酒は？,気持ち（「気持ちを注ぐ」という比喩）,言葉遊び,generated,2026-06-22 10:33:05
516,皿に盛れない料理は？,夢（「夢を盛る」は比喩）,言葉遊び,generated,2026-06-22 10:33:05
517,朝起きて一番最初にすることは？,目を開ける,ひっかけ,generated,2026-06-22 10:33:05
518,夜寝る前の一番最後にすることは？,目を閉じる,ひっかけ,generated,2026-06-22 10:33:05
519,雨の日に外で傘をささずに立っている人が濡れない方法は？,雨が降っていない場所に立つ／軒下に立つ,ひっかけ,generated,2026-06-22 10:33:05
520,水の中で傘をさしている人はなぜ濡れない？,水の中で傘をさしても意味がない→すでに濡れている,ひっかけ,generated,2026-06-22 10:33:05
521,真っ暗な部屋で懐中電灯なしでも見えるものは？,暗闇（真っ暗＝暗闇しか見えない）,ひっかけ,generated,2026-06-22 10:33:05
522,静かな部屋で聞こえる一番大きな音は？,自分の心臓の音,ひっかけ,generated,2026-06-22 10:33:05
523,大声を出すと壊れるものは？,静寂（しじま）／ガラス（音響破壊）,ひっかけ,generated,2026-06-22 10:33:05
524,目をつぶっても消えないものは？,暗闇（目をつぶっても暗さは続く）,ひっかけ,generated,2026-06-22 10:33:05
525,耳をふさぎながらでも聞こえる言葉は？,心の声（自分の考え）,ひっかけ,generated,2026-06-22 10:33:05
526,口を閉じていても味わえるものは？,よだれ（つばの味）,ひっかけ,generated,2026-06-22 10:33:05
527,鼻をつまんでも感じる味は？,塩味／甘味（味覚は鼻がつまっても感じる）,ひっかけ,generated,2026-06-22 10:33:05
528,後ろを向いても見えるものは？,自分の体（後ろを向いても自分の体は見える）,ひっかけ,generated,2026-06-22 10:33:05
529,上を向いても見えないものは？,自分の足（上を向くと足は見えない）,ひっかけ,generated,2026-06-22 10:33:05
530,下を向いても見えないものは？,自分の頭のてっぺん,ひっかけ,generated,2026-06-22 10:33:05
531,右手で触れるのに左手で触れないものは？,左手（右手で左手を触れる。左手で左手は触れない）,ひっかけ,generated,2026-06-22 10:33:05
532,左手でしか触れないものは？,右手（左手でしか右手に触れない？いや右手でも右手を触れる）,ひっかけ,generated,2026-06-22 10:33:05
533,すいかはすいかでも食べられないすいかは？,西瓜（スイカ割りのスイカじゃない）,ダジャレ・同音異義語,generated,2026-06-22 10:33:05
534,メロンはメロンでも食べられないメロンは？,メロン（メロディーのメロン）,ダジャレ・同音異義語,generated,2026-06-22 10:33:05
535,ブドウはブドウでも食べられないブドウは？,ぶどう（武道）,ダジャレ・同音異義語,generated,2026-06-22 10:33:05
536,みかんはみかんでも食べられないみかんは？,みかん（蜜柑→見感）,ダジャレ・同音異義語,generated,2026-06-22 10:33:05
537,ももはももでも食べられないももは？,もも（腿）,ダジャレ・同音異義語,generated,2026-06-22 10:33:05
538,なしはなしでも食べられないなしは？,なし（無し）,ダジャレ・同音異義語,generated,2026-06-22 10:33:05
539,かきはかきでも食べられないかきは？,かき（柿→牡蠣）,ダジャレ・同音異義語,generated,2026-06-22 10:33:05
540,バナナはバナナでも食べられないバナナは？,バナナ（バナナ→場內）,ダジャレ・同音異義語,generated,2026-06-22 10:33:05
541,キウイはキウイでも食べられないキウイは？,キウイ（キウイ→危機）,ダジャレ・同音異義語,generated,2026-06-22 10:33:05
542,パイナップルはパイナップルでも食べられないパイナップルは？,パイナップル（パイ＋ナップル）,ダジャレ・同音異義語,generated,2026-06-22 10:33:05
543,りんごはりんごでも食べられないりんごは？,林檎→リン＋ゴ（輪ゴムの輪）,ダジャレ・同音異義語,generated,2026-06-22 10:33:05
544,りんごはりんごでも割れないりんごは？,リンゴ（りんご→輪子）,ダジャレ・同音異義語,generated,2026-06-22 10:33:05
545,いちごはいちごでも食べられないいちごは？,イチゴ（異郷）,ダジャレ・同音異義語,generated,2026-06-22 10:33:05
546,いちごはいちごでも赤くないいちごは？,イチゴ（一期）,ダジャレ・同音異義語,generated,2026-06-22 10:33:05
547,さくらんぼはさくらんぼでも食べられないさくらんぼは？,さくらんぼ（サクランボ→桜のぼん）,ダジャレ・同音異義語,generated,2026-06-22 10:33:05
548,ぶどうはぶどうでも食べられないぶどうは？,ブドウ（不当）,ダジャレ・同音異義語,generated,2026-06-22 10:33:05
549,ももはももでも食べられないももは？,モモ（腿）,ダジャレ・同音異義語,generated,2026-06-22 10:33:05
550,かきはかきでも食べられないかきは？,カキ（柿→牡蠣は食べられる→火気）,ダジャレ・同音異義語,generated,2026-06-22 10:33:05
551,なしはなしでも食べられないなしは？,ナシ（無→なし）,ダジャレ・同音異義語,generated,2026-06-22 10:33:05
552,なしはなしでも実がならないなしは？,ナシ（梨の実がならない→矛盾）,ダジャレ・同音異義語,generated,2026-06-22 10:33:05
553,すももはすももでも食べられないすももは？,スモモ（スモモ＝素桃？→すももももももももものうち）,ダジャレ・同音異義語,generated,2026-06-22 10:33:05
554,あんずはあんずでも食べられないあんずは？,アンズ（杏→暗図）,ダジャレ・同音異義語,generated,2026-06-22 10:33:05
555,うめはうめでも食べられないうめは？,ウメ（梅→生埋め）,ダジャレ・同音異義語,generated,2026-06-22 10:33:05
556,きゅうりはきゅうりでも食べられないきゅうりは？,キュウリ（九里）,ダジャレ・同音異義語,generated,2026-06-22 10:33:05
557,なすはなすでも食べられないなすは？,ナス（茄子→無す）,ダジャレ・同音異義語,generated,2026-06-22 10:33:05
558,かぼちゃはかぼちゃでも食べられないかぼちゃは？,カボチャ（カボチャ→寡婦ちゃ）,ダジャレ・同音異義語,generated,2026-06-22 10:33:05
559,だいこんはだいこんでも食べられないだいこんは？,ダイコン（大根→大困）,ダジャレ・同音異義語,generated,2026-06-22 10:33:05
560,にんじんはにんじんでも食べられないにんじんは？,ニンジン（人参→認識）,ダジャレ・同音異義語,generated,2026-06-22 10:33:05
561,じゃがいもはじゃがいもでも食べられないじゃがいもは？,ジャガイモ（ジャガイモ→邪がいも）,ダジャレ・同音異義語,generated,2026-06-22 10:33:05
562,さといもはさといもでも食べられないさといもは？,サトイモ（里芋→里以燃）,ダジャレ・同音異義語,generated,2026-06-22 10:33:05
563,やまいもはやまいもでも食べられないやまいもは？,ヤマイモ（山芋→病芋）,ダジャレ・同音異義語,generated,2026-06-22 10:33:05
564,たまねぎはたまねぎでも泣かないたまねぎは？,タマネギ（玉葱→魂ねぎ）,ダジャレ・同音異義語,generated,2026-06-22 10:33:05
565,たまねぎはたまねぎでも食べられないたまねぎは？,タマネギ（玉葱→玉値切）,ダジャレ・同音異義語,generated,2026-06-22 10:33:05
566,ねぎはねぎでも食べられないねぎは？,ネギ（葱→寝起き）,ダジャレ・同音異義語,generated,2026-06-22 10:33:05
567,ほうれんそうはほうれんそうでも食べられないほうれんそうは？,ホウレンソウ（報告相）,ダジャレ・同音異義語,generated,2026-06-22 10:33:05
568,レタスはレタスでも食べられないレタスは？,レタス（RETAS→戻す）,ダジャレ・同音異義語,generated,2026-06-22 10:33:05
569,きのこはきのこでも食べられないきのこは？,キノコ（木の子→木の粉）,ダジャレ・同音異義語,generated,2026-06-22 10:33:05
570,しいたけはしいたけでも食べられないしいたけは？,シイタケ（椎茸→椎茸は食べられる→椎竹）,ダジャレ・同音異義語,generated,2026-06-22 10:33:05
571,まつたけはまつたけでも食べられないまつたけは？,マツタケ（待ったけ）,ダジャレ・同音異義語,generated,2026-06-22 10:33:05
572,えのきはえのきでも食べられないえのきは？,エノキ（榎→江の木）,ダジャレ・同音異義語,generated,2026-06-22 10:33:05
573,しめじはしめじでも食べられないしめじは？,シメジ（シメジ→閉め字）,ダジャレ・同音異義語,generated,2026-06-22 10:33:05
574,なっとうはなっとうでも食べられないなっとうは？,ナットウ（納豆→納塔）,ダジャレ・同音異義語,generated,2026-06-22 10:33:05
575,とうふはとうふでも食べられないとうふは？,トウフ（豆腐→闘夫）,ダジャレ・同音異義語,generated,2026-06-22 10:33:05
576,みそはみそでも食べられないみそは？,ミソ（味噌→三曽）,ダジャレ・同音異義語,generated,2026-06-22 10:33:05
577,しょうゆはしょうゆでも食べられないしょうゆは？,ショウユ（醤油→勝油）,ダジャレ・同音異義語,generated,2026-06-22 10:33:05
578,さとうはさとうでも食べられないさとうは？,サトウ（砂糖→佐藤）,ダジャレ・同音異義語,generated,2026-06-22 10:33:05
579,しおはしおでも食べられないしおは？,シオ（塩→潮）,ダジャレ・同音異義語,generated,2026-06-22 10:33:05
580,すはすでも食べられないすは？,ス（酢→巣）,ダジャレ・同音異義語,generated,2026-06-22 10:33:05
581,みりんはみりんでも食べられないみりんは？,ミリン（味醂→未燐）,ダジャレ・同音異義語,generated,2026-06-22 10:33:05
582,わさびはわさびでも食べられないわさびは？,ワサビ（山葵→和差日）,ダジャレ・同音異義語,generated,2026-06-22 10:33:05
583,からしはからしでも食べられないからしは？,カラシ（辛子→空師）,ダジャレ・同音異義語,generated,2026-06-22 10:33:05
584,しょうがはしょうがでも食べられないしょうがは？,ショウガ（生姜→勝賀）,ダジャレ・同音異義語,generated,2026-06-22 10:33:05
585,にんにくはにんにくでも食べられないにんにくは？,ニンニク（大蒜→忍肉）,ダジャレ・同音異義語,generated,2026-06-22 10:33:05
586,ぎょうざはぎょうざでも食べられないぎょうざは？,ギョウザ（餃子→業者）,ダジャレ・同音異義語,generated,2026-06-22 10:33:05
587,しゅうまいはしゅうまいでも食べられないしゅうまいは？,シュウマイ（焼売→週間）,ダジャレ・同音異義語,generated,2026-06-22 10:33:05
588,はるまきははるまきでも食べられないはるまきは？,ハルマキ（春巻→春牧）,ダジャレ・同音異義語,generated,2026-06-22 10:33:05
589,やきとりはやきとりでも食べられないやきとりは？,ヤキトリ（焼き鳥→八木鳥）,ダジャレ・同音異義語,generated,2026-06-22 10:33:05
590,かつはかつでも食べられないかつは？,カツ（勝ち）,ダジャレ・同音異義語,generated,2026-06-22 10:33:05
591,とんかつはとんかつでも食べられないとんかつは？,トンカツ（トンカツ→豚活）,ダジャレ・同音異義語,generated,2026-06-22 10:33:05
592,からあげはからあげでも食べられないからあげは？,カラアゲ（唐揚げ→空揚げ）,ダジャレ・同音異義語,generated,2026-06-22 10:33:05
593,さしみはさしみでも食べられないさしみは？,サシミ（刺身→指見）,ダジャレ・同音異義語,generated,2026-06-22 10:33:05
594,てんぷらはてんぷらでも食べられないてんぷらは？,テンプラ（テン＋プラ→天ぷらじゃなくテンプレ）,ダジャレ・同音異義語,generated,2026-06-22 10:33:05
595,おにぎりはおにぎりでも食べられないおにぎりは？,オニギリ（鬼切り）,ダジャレ・同音異義語,generated,2026-06-22 10:33:05
596,おすしはおすしでも食べられないおすしは？,オスシ（お寿司→お酢師）,ダジャレ・同音異義語,generated,2026-06-22 10:33:05
597,まぐろはまぐろでも食べられないまぐろは？,マグロ（マグロ→間黒）,ダジャレ・同音異義語,generated,2026-06-22 10:33:05
598,さけはさけでも食べられないさけは？,サケ（酒）,ダジャレ・同音異義語,generated,2026-06-22 10:33:05
599,さばはさばでも生きていないさばは？,サバ（鯖→鯖は生きている）,ダジャレ・同音異義語,generated,2026-06-22 10:33:05
600,あじはあじでも食べられないあじは？,アジ（味）,ダジャレ・同音異義語,generated,2026-06-22 10:33:05
601,たいはたいでも食べられないたいは？,タイ（鯛→体）,ダジャレ・同音異義語,generated,2026-06-22 10:33:05
602,ひらめはひらめでも食べられないひらめは？,ヒラメ（平目→平原）,ダジャレ・同音異義語,generated,2026-06-22 10:33:05
603,かれいはかれいでも食べられないかれいは？,カレイ（鰈→加齢）,ダジャレ・同音異義語,generated,2026-06-22 10:33:05
604,ふぐはふぐでも食べられないふぐは？,フグ（河豚→不具）,ダジャレ・同音異義語,generated,2026-06-22 10:33:05
605,たこはたこでも食べられないたこは？,タコ（凧）,ダジャレ・同音異義語,generated,2026-06-22 10:33:05
606,いかはいかでも食べられないいかは？,イカ（以下）,ダジャレ・同音異義語,generated,2026-06-22 10:33:05
607,えびはえびでも食べられないえびは？,エビ（蝦→営日）,ダジャレ・同音異義語,generated,2026-06-22 10:33:05
608,かにはかにでも食べられないかには？,カニ（蟹→可二）,ダジャレ・同音異義語,generated,2026-06-22 10:33:05
609,あわびはあわびでも食べられないあわびは？,アワビ（鮑→泡日）,ダジャレ・同音異義語,generated,2026-06-22 10:33:05
610,さざえはさざえでも食べられないさざえは？,サザエ（栄螺→サザエさん）,ダジャレ・同音異義語,generated,2026-06-22 10:33:05
611,ほたてはほたてでも食べられないほたては？,ホタテ（帆立→保盾）,ダジャレ・同音異義語,generated,2026-06-22 10:33:05
612,あさりはあさりでも食べられないあさりは？,アサリ（浅蜊→朝利）,ダジャレ・同音異義語,generated,2026-06-22 10:33:05
613,しじみはしじみでも食べられないしじみは？,シジミ（蜆→支持見）,ダジャレ・同音異義語,generated,2026-06-22 10:33:05
614,はまぐりははまぐりでも食べられないはまぐりは？,ハマグリ（蛤→浜繰）,ダジャレ・同音異義語,generated,2026-06-22 10:33:05
615,のりはのりでも食べられないのりは？,ノリ（海苔→糊）,ダジャレ・同音異義語,generated,2026-06-22 10:33:05
616,こんぶはこんぶでも食べられないこんぶは？,コンブ（昆布→根部）,ダジャレ・同音異義語,generated,2026-06-22 10:33:05
617,わかめはわかめでも食べられないわかめは？,ワカメ（若芽→和亀）,ダジャレ・同音異義語,generated,2026-06-22 10:33:05
618,ひじきはひじきでも食べられないひじきは？,ヒジキ（鹿尾菜→肘木）,ダジャレ・同音異義語,generated,2026-06-22 10:33:05
619,めんはめんでも食べられないめんは？,メン（麺→面）,ダジャレ・同音異義語,generated,2026-06-22 10:33:05
620,うどんはうどんでも食べられないうどんは？,ウドン（饂飩→有鈍）,ダジャレ・同音異義語,generated,2026-06-22 10:33:05
621,そばはそばでも食べられないそばは？,ソバ（蕎麦→側）,ダジャレ・同音異義語,generated,2026-06-22 10:33:05
622,ラーメンはラーメンでも食べられないラーメンは？,ラーメン（ラーメン→裸面）,ダジャレ・同音異義語,generated,2026-06-22 10:33:05
623,スパゲッティはスパゲッティでも食べられないスパゲッティは？,スパゲッティ（スパゲッティ→巣端月庭）,ダジャレ・同音異義語,generated,2026-06-22 10:33:05
624,カレーはカレーでも食べられないカレーは？,カレー（カレー→枯冷）,ダジャレ・同音異義語,generated,2026-06-22 10:33:05
625,シチューはシチューでも食べられないシチューは？,シチュー（シチュー→市庁）,ダジャレ・同音異義語,generated,2026-06-22 10:33:05
626,スープはスープでも食べられないスープは？,スープ（スープ→数歩）,ダジャレ・同音異義語,generated,2026-06-22 10:33:05
627,サラダはサラダでも食べられないサラダは？,サラダ（サラダ→皿蛇）,ダジャレ・同音異義語,generated,2026-06-22 10:33:05
628,ハンバーグはハンバーグでも食べられないハンバーグは？,ハンバーグ（ハンバーグ→半搏愚）,ダジャレ・同音異義語,generated,2026-06-22 10:33:05
629,オムライスはオムライスでも食べられないオムライスは？,オムライス（オムライス→御無来栖）,ダジャレ・同音異義語,generated,2026-06-22 10:33:05
630,ピザはピザでも食べられないピザは？,ピザ（ピザ→披座）,ダジャレ・同音異義語,generated,2026-06-22 10:33:05
631,ドーナツはドーナツでも食べられないドーナツは？,ドーナツ（ドーナツ→銅納津）,ダジャレ・同音異義語,generated,2026-06-22 10:33:05
632,クッキーはクッキーでも食べられないクッキーは？,クッキー（クッキー→区域起）,ダジャレ・同音異義語,generated,2026-06-22 10:33:05
633,ビスケットはビスケットでも食べられないビスケットは？,ビスケット（ビスケット→美巣桁図）,ダジャレ・同音異義語,generated,2026-06-22 10:33:05
634,チョコレートはチョコレートでも食べられないチョコレートは？,チョコレート（チョコレート→町焦令徒）,ダジャレ・同音異義語,generated,2026-06-22 10:33:05
635,キャンディはキャンディでも食べられないキャンディは？,キャンディ（キャンディ→間低）,ダジャレ・同音異義語,generated,2026-06-22 10:33:05
636,ガムはガムでも食べられないガムは？,ガム（ガム→画無）,ダジャレ・同音異義語,generated,2026-06-22 10:33:05
637,せんべいはせんべいでも食べられないせんべいは？,センベイ（煎餅→千兵）,ダジャレ・同音異義語,generated,2026-06-22 10:33:05
638,あられはあられでも食べられないあられは？,アラレ（霰→荒礼）,ダジャレ・同音異義語,generated,2026-06-22 10:33:05
639,だんごはだんごでも食べられないだんごは？,ダンゴ（団子→談語）,ダジャレ・同音異義語,generated,2026-06-22 10:33:05
640,まんじゅうはまんじゅうでも食べられないまんじゅうは？,マンジュウ（饅頭→万寿）,ダジャレ・同音異義語,generated,2026-06-22 10:33:05
641,ようかんはようかんでも食べられないようかんは？,ヨウカン（羊羹→要監）,ダジャレ・同音異義語,generated,2026-06-22 10:33:05
642,たいやきはたいやきでも食べられないたいやきは？,タイヤキ（鯛焼き→体焼き）,ダジャレ・同音異義語,generated,2026-06-22 10:33:05
643,どらやきはどらやきでも食べられないどらやきは？,ドラヤキ（銅鑼焼き→虎焼き）,ダジャレ・同音異義語,generated,2026-06-22 10:33:05
644,カステラはカステラでも食べられないカステラは？,カステラ（カステラ→菓栖寺ら）,ダジャレ・同音異義語,generated,2026-06-22 10:33:05
645,プリンはプリンでも食べられないプリンは？,プリン（プリン→無輪）,ダジャレ・同音異義語,generated,2026-06-22 10:33:05
646,ゼリーはゼリーでも食べられないゼリーは？,ゼリー（ZERO＋イー→ゼリーはない）,ダジャレ・同音異義語,generated,2026-06-22 10:33:05
647,アイスはアイスでも食べられないアイスは？,アイス（アイス→愛巣）,ダジャレ・同音異義語,generated,2026-06-22 10:33:05
648,シャーベットはシャーベットでも食べられないシャーベットは？,シャーベット（シャーベット→車別途）,ダジャレ・同音異義語,generated,2026-06-22 10:33:05
649,ミルクはミルクでも飲めないミルクは？,ミルク（ミルク→見る句）,ダジャレ・同音異義語,generated,2026-06-22 10:33:05
650,ヨーグルトはヨーグルトでも食べられないヨーグルトは？,ヨーグルト（ヨーグルト→用来る徒）,ダジャレ・同音異義語,generated,2026-06-22 10:33:05
651,チーズはチーズでも食べられないチーズは？,チーズ（チーズ→地図）,ダジャレ・同音異義語,generated,2026-06-22 10:33:05
652,バターはバターでも食べられないバターは？,バター（バター→婆他）,ダジャレ・同音異義語,generated,2026-06-22 10:33:05
653,マヨネーズはマヨネーズでも食べられないマヨネーズは？,マヨネーズ（マヨネーズ→魔世ねーず）,ダジャレ・同音異義語,generated,2026-06-22 10:33:05
654,ケチャップはケチャップでも食べられないケチャップは？,ケチャップ（ケチャップ→気ちゃっプ）,ダジャレ・同音異義語,generated,2026-06-22 10:33:05
655,ソースはソースでも食べられないソースは？,ソース（ソース→創巣）,ダジャレ・同音異義語,generated,2026-06-22 10:33:05
656,くるまはくるまでも乗れないくるまは？,車（輪）,ダジャレ・同音異義語,generated,2026-06-22 10:33:05
657,でんしゃはでんしゃでも乗れないでんしゃは？,電車（電子の車）,ダジャレ・同音異義語,generated,2026-06-22 10:33:05
658,ひこうきはひこうきでも乗れないひこうきは？,飛行機（日航記）,ダジャレ・同音異義語,generated,2026-06-22 10:33:05
659,ふねはふねでも乗れないふねは？,船（布値）,ダジャレ・同音異義語,generated,2026-06-22 10:33:05
660,バスはバスでも乗れないバスは？,バス（Bass＝低音）,ダジャレ・同音異義語,generated,2026-06-22 10:33:05
661,タクシーはタクシーでも乗れないタクシーは？,タクシー（卓氏）,ダジャレ・同音異義語,generated,2026-06-22 10:33:05
662,じてんしゃはじてんしゃでも乗れないじてんしゃは？,自転車（時点車）,ダジャレ・同音異義語,generated,2026-06-22 10:33:05
663,オートバイはオートバイでも乗れないオートバイは？,オートバイ（オート＋バイ＝オート売）,ダジャレ・同音異義語,generated,2026-06-22 10:33:05
664,ふとんはふとんでも寝られないふとんは？,布団→敷き布団,ダジャレ・同音異義語,generated,2026-06-22 10:33:05
665,まくらはまくらでも眠れないまくらは？,枕→枕元の明かり,ダジャレ・同音異義語,generated,2026-06-22 10:33:05
666,タオルはタオルでも拭けないタオルは？,タオル→手折る,ダジャレ・同音異義語,generated,2026-06-22 10:33:05
667,ハンカチはハンカチでも拭けないハンカチは？,ハンカチ→半勝ち,ダジャレ・同音異義語,generated,2026-06-22 10:33:05
668,ティッシュはティッシュでも拭けないティッシュは？,ティッシュ→体質,ダジャレ・同音異義語,generated,2026-06-22 10:33:05
669,トイレットペーパーはトイレットペーパーでも使えないトイレットペーパーは？,トイレットペーパー→トイレ＋戸＋紙,ダジャレ・同音異義語,generated,2026-06-22 10:33:05
670,せっけんはせっけんでも洗えないせっけんは？,石鹸→石巻,ダジャレ・同音異義語,generated,2026-06-22 10:33:05
671,シャンプーはシャンプーでも洗えないシャンプーは？,シャンプー→三風,ダジャレ・同音異義語,generated,2026-06-22 10:33:05
672,リンスはリンスでも使えないリンスは？,リンス→輪巣,ダジャレ・同音異義語,generated,2026-06-22 10:33:05
673,はみがきははみがきでも磨けないはみがきは？,歯磨き→端巻き,ダジャレ・同音異義語,generated,2026-06-22 10:33:05
674,くしはくしでもとかせないくしは？,櫛→串,ダジャレ・同音異義語,generated,2026-06-22 10:33:05
675,かみはかみでも使えないかみは？,紙→髪,ダジャレ・同音異義語,generated,2026-06-22 10:33:05
676,えんぴつはえんぴつでも使えないえんぴつは？,鉛筆→縁日＋筆,ダジャレ・同音異義語,generated,2026-06-22 10:33:05
677,ボールペンはボールペンでも書けないボールペンは？,ボールペン（ボール＋ペン→ボールペンは書くものじゃない）,ダジャレ・同音異義語,generated,2026-06-22 10:33:05
678,ものさしはものさしでも測れないものさしは？,物差し→物刺し,ダジャレ・同音異義語,generated,2026-06-22 10:33:05
679,はさみははさみでも使えないはさみは？,ハサミ（ハサミムシ）,ダジャレ・同音異義語,generated,2026-06-22 10:33:05
680,のりはのりでも貼れないのりは？,ノリ（糊→海苔）,ダジャレ・同音異義語,generated,2026-06-22 10:33:05
681,せんたくばさみはせんたくばさみでも使えないせんたくばさみは？,洗濯ばさみ→戦卓挟み,ダジャレ・同音異義語,generated,2026-06-22 10:33:05
682,かさはかさでもさせないかさは？,傘→笠,ダジャレ・同音異義語,generated,2026-06-22 10:33:05
683,かさはかさでもたためないかさは？,傘→嵩,ダジャレ・同音異義語,generated,2026-06-22 10:33:05
684,かばんはかばんでも持てないかばんは？,鞄→カバのん（カバの子ども）,ダジャレ・同音異義語,generated,2026-06-22 10:33:05
685,さいふはさいふでも開けられないさいふは？,財布→菜布,ダジャレ・同音異義語,generated,2026-06-22 10:33:05
686,ふくろはふくろでも開けられないふくろは？,袋→俘虜,ダジャレ・同音異義語,generated,2026-06-22 10:33:05
687,はこははこでも開けられないはこは？,箱→函,ダジャレ・同音異義語,generated,2026-06-22 10:33:05
688,かぎはかぎでも開けられないかぎは？,鍵→可儀,ダジャレ・同音異義語,generated,2026-06-22 10:33:05
689,カレンダーはカレンダーでも見られないカレンダーは？,カレンダー→カレン＋ダー,ダジャレ・同音異義語,generated,2026-06-22 10:33:05
690,とけいはとけいでも見られないとけいは？,時計→徒刑,ダジャレ・同音異義語,generated,2026-06-22 10:33:05
691,めがねはめがねでもかけられないめがねは？,眼鏡→姉が根,ダジャレ・同音異義語,generated,2026-06-22 10:33:05
692,さいふはさいふでも使えないさいふは？,財布→在舗,ダジャレ・同音異義語,generated,2026-06-22 10:33:05
693,ほんはほんでも読めないほんは？,本→盆,ダジャレ・同音異義語,generated,2026-06-22 10:33:05
694,じしょはじしょでも引けないじしょは？,辞書→時書,ダジャレ・同音異義語,generated,2026-06-22 10:33:05
695,じてんはじてんでも見られないじてんは？,辞典→時点,ダジャレ・同音異義語,generated,2026-06-22 10:33:05
696,ちずはちずでも見られないちずは？,地図→地頭,ダジャレ・同音異義語,generated,2026-06-22 10:33:05
697,はがきははがきでも書けないはがきは？,葉書→葉かき,ダジャレ・同音異義語,generated,2026-06-22 10:33:05
698,ふうとうはふうとうでも出せないふうとうは？,封筒→風塔,ダジャレ・同音異義語,generated,2026-06-22 10:33:05
699,きってはきってでも貼れないきっては？,切手→切手＝切って,ダジャレ・同音異義語,generated,2026-06-22 10:33:05
700,はんこははんこでも押せないはんこは？,判子→半子,ダジャレ・同音異義語,generated,2026-06-22 10:33:05
701,しゃしんはしゃしんでも撮れないしゃしんは？,写真→社新,ダジャレ・同音異義語,generated,2026-06-22 10:33:05
702,アルバムはアルバムでも見られないアルバムは？,アルバム→有る場無,ダジャレ・同音異義語,generated,2026-06-22 10:33:05
703,でんちはでんちでも使えないでんちは？,電池→田値,ダジャレ・同音異義語,generated,2026-06-22 10:33:05
704,でんきゅうはでんきゅうでもつかないでんきゅうは？,電球→伝球,ダジャレ・同音異義語,generated,2026-06-22 10:33:05
705,スイッチはスイッチでも押せないスイッチは？,スイッチ→酢一茶,ダジャレ・同音異義語,generated,2026-06-22 10:33:05
706,コンセントはコンセントでも使えないコンセントは？,コンセント→根煎と,ダジャレ・同音異義語,generated,2026-06-22 10:33:05
707,コードはコードでも使えないコードは？,コード→香得,ダジャレ・同音異義語,generated,2026-06-22 10:33:05
708,ケーブルはケーブルでも使えないケーブルは？,ケーブル→家部留,ダジャレ・同音異義語,generated,2026-06-22 10:33:05
709,アンテナはアンテナでも立たないアンテナは？,アンテナ→安手な,ダジャレ・同音異義語,generated,2026-06-22 10:33:05
710,テレビはテレビでも映らないテレビは？,テレビ→手レビュー,ダジャレ・同音異義語,generated,2026-06-22 10:33:05
711,ラジオはラジオでも聞こえないラジオは？,ラジオ→裸字負,ダジャレ・同音異義語,generated,2026-06-22 10:33:05
712,はいざらははいざらでも使えないはいざらは？,灰皿→杯皿,ダジャレ・同音異義語,generated,2026-06-22 10:33:05
713,ライターはライターでも使えないライターは？,ライター→来たー,ダジャレ・同音異義語,generated,2026-06-22 10:33:05
714,マッチはマッチでも擦れないマッチは？,マッチ→末地,ダジャレ・同音異義語,generated,2026-06-22 10:33:05
715,ろうそくはろうそくでも灯せないろうそくは？,蝋燭→労属,ダジャレ・同音異義語,generated,2026-06-22 10:33:05
716,しんぶんはしんぶんでも読めないしんぶんは？,新聞→辛文,ダジャレ・同音異義語,generated,2026-06-22 10:33:05
717,ざっしはざっしでも読めないざっしは？,雑誌→雑司,ダジャレ・同音異義語,generated,2026-06-22 10:33:05
718,まんがはまんがでも読めないまんがは？,漫画→万画,ダジャレ・同音異義語,generated,2026-06-22 10:33:05
719,はがきははがきでも出せないはがきは？,葉書→八月/歯がき,ダジャレ・同音異義語,generated,2026-06-22 10:33:05
720,つくえはつくえでも使えないつくえは？,机→告え,ダジャレ・同音異義語,generated,2026-06-22 10:33:05
721,いすはいすでも座れないいすは？,椅子→医巣,ダジャレ・同音異義語,generated,2026-06-22 10:33:05
722,たんすはたんすでも開けられないたんすは？,箪笥→炭素,ダジャレ・同音異義語,generated,2026-06-22 10:33:05
723,ほんだなはほんだなでも使えないほんだなは？,本棚→盆棚→お盆の棚,ダジャレ・同音異義語,generated,2026-06-22 10:33:05
724,カーテンはカーテンでも閉められないカーテンは？,カーテン→課連,ダジャレ・同音異義語,generated,2026-06-22 10:33:05
725,じゅうたんはじゅうたんでも敷けないじゅうたんは？,絨毯→重炭,ダジャレ・同音異義語,generated,2026-06-22 10:33:05
726,エアコンはエアコンでも使えないエアコンは？,エアコン→絵亜紺,ダジャレ・同音異義語,generated,2026-06-22 10:33:05
727,だんぼうはだんぼうでも使えないだんぼうは？,暖房→断棒,ダジャレ・同音異義語,generated,2026-06-22 10:33:05
728,れいぼうはれいぼうでも使えないれいぼうは？,冷房→冷棒→零棒,ダジャレ・同音異義語,generated,2026-06-22 10:33:05
729,そうじきはそうじきでも使えないそうじきは？,掃除機→相除機,ダジャレ・同音異義語,generated,2026-06-22 10:33:05
730,せんたくきはせんたくきでも使えないせんたくきは？,洗濯機→千濯機,ダジャレ・同音異義語,generated,2026-06-22 10:33:05
731,れいぞうこはれいぞうこでも使えないれいぞうこは？,冷蔵庫→礼葬庫,ダジャレ・同音異義語,generated,2026-06-22 10:33:05
732,でんしレンジはでんしレンジでも使えないでんしレンジは？,電子レンジ→伝子レンジ→伝子のレンジ,ダジャレ・同音異義語,generated,2026-06-22 10:33:05
733,トースターはトースターでも使えないトースターは？,トースター→陶炭,ダジャレ・同音異義語,generated,2026-06-22 10:33:05
734,すいはんきはすいはんきでも使えないすいはんきは？,炊飯器→粋搬器,ダジャレ・同音異義語,generated,2026-06-22 10:33:05
735,やかんはやかんでも使えないやかんは？,薬缶→夜缶,ダジャレ・同音異義語,generated,2026-06-22 10:33:05
736,なべはなべでも使えないなべは？,鍋→苗,ダジャレ・同音異義語,generated,2026-06-22 10:33:05
737,フライパンはフライパンでも使えないフライパンは？,フライパン→腐来破ん,ダジャレ・同音異義語,generated,2026-06-22 10:33:05
738,まな板はまな板でも使えないまな板は？,まな板→愛板,ダジャレ・同音異義語,generated,2026-06-22 10:33:05
739,ほうちょうはほうちょうでも使えないほうちょうは？,包丁→放長,ダジャレ・同音異義語,generated,2026-06-22 10:33:05
740,さらはさらでも使えないさらは？,皿→沙羅,ダジャレ・同音異義語,generated,2026-06-22 10:33:05
741,おちゃわんはおちゃわんでも使えないおちゃわんは？,お茶碗→お茶椀→お茶＋笑う,ダジャレ・同音異義語,generated,2026-06-22 10:33:05
742,コップはコップでも使えないコップは？,コップ→骨っぷ,ダジャレ・同音異義語,generated,2026-06-22 10:33:05
743,はしははしでも使えないはしは？,箸→橋,ダジャレ・同音異義語,generated,2026-06-22 10:33:05
744,スプーンはスプーンでも使えないスプーンは？,スプーン→巣風韻,ダジャレ・同音異義語,generated,2026-06-22 10:33:05
745,フォークはフォークでも使えないフォークは？,フォーク→フォークダンス,ダジャレ・同音異義語,generated,2026-06-22 10:33:05
746,ナイフはナイフでも使えないナイフは？,ナイフ→ナイーブ,ダジャレ・同音異義語,generated,2026-06-22 10:33:05
747,ようふくはようふくでも着られないようふくは？,洋服→曜福,ダジャレ・同音異義語,generated,2026-06-22 10:33:05
748,ワイシャツはワイシャツでも着られないワイシャツは？,ワイシャツ→和慰紗つ,ダジャレ・同音異義語,generated,2026-06-22 10:33:05
749,ズボンはズボンでも履けないズボンは？,ズボン→図凡,ダジャレ・同音異義語,generated,2026-06-22 10:33:05
750,スカートはスカートでも履けないスカートは？,スカート→州嘉斗,ダジャレ・同音異義語,generated,2026-06-22 10:33:05
751,セーターはセーターでも着られないセーターは？,セーター→背当たー→温めるもの,ダジャレ・同音異義語,generated,2026-06-22 10:33:05
752,ジャケットはジャケットでも着られないジャケットは？,ジャケット→邪閨戸,ダジャレ・同音異義語,generated,2026-06-22 10:33:05
753,コートはコートでも着られないコートは？,コート→戸→こうと,ダジャレ・同音異義語,generated,2026-06-22 10:33:05
754,マフラーはマフラーでも巻けないマフラーは？,マフラー→魔風ら,ダジャレ・同音異義語,generated,2026-06-22 10:33:05
755,てぶくろはてぶくろでも嵌められないてぶくろは？,手袋→手子ろ,ダジャレ・同音異義語,generated,2026-06-22 10:33:05
756,太陽は太陽でも昇らない太陽のは？,タイヨウ（大洋）,ダジャレ・同音異義語,generated,2026-06-22 10:33:05
757,月は月でも光らない月のは？,ツキ（月→突き）,ダジャレ・同音異義語,generated,2026-06-22 10:33:05
758,星は星でも光らない星のは？,ホシ（星→干し）,ダジャレ・同音異義語,generated,2026-06-22 10:33:05
759,雲は雲でも動かない雲のは？,クモ（蜘蛛）,ダジャレ・同音異義語,generated,2026-06-22 10:33:05
760,風は風でも吹かない風のは？,カゼ（風邪）,ダジャレ・同音異義語,generated,2026-06-22 10:33:05
761,雨は雨でも降らない雨のは？,アメ（飴）,ダジャレ・同音異義語,generated,2026-06-22 10:33:05
762,雪は雪でも積もらない雪のは？,ユキ（雪→幸）,ダジャレ・同音異義語,generated,2026-06-22 10:33:05
763,虹は虹でも出ない虹のは？,ニジ（虹→二次）,ダジャレ・同音異義語,generated,2026-06-22 10:33:05
764,山は山でも登れない山のは？,ヤマ（山→やま）,ダジャレ・同音異義語,generated,2026-06-22 10:33:05
765,川は川でも泳げない川のは？,カワ（川→皮）,ダジャレ・同音異義語,generated,2026-06-22 10:33:05
766,海は海でも泳げない海のは？,ウミ（海→有実）,ダジャレ・同音異義語,generated,2026-06-22 10:33:05
767,空は空でも飛べない空のは？,ソラ（空→素裸）,ダジャレ・同音異義語,generated,2026-06-22 10:33:05
768,森は森でも入れない森のは？,モリ（森→盛り）,ダジャレ・同音異義語,generated,2026-06-22 10:33:05
769,林は林でも歩けない林のは？,ハヤシ（林→林檎）,ダジャレ・同音異義語,generated,2026-06-22 10:33:05
770,花は花でも咲かない花のは？,ハナ（花→鼻）,ダジャレ・同音異義語,generated,2026-06-22 10:33:05
771,草は草でも生えない草のは？,クサ（草→腐さ→くさる）,ダジャレ・同音異義語,generated,2026-06-22 10:33:05
772,木は木でも切れない木のは？,キ（木→気）,ダジャレ・同音異義語,generated,2026-06-22 10:33:05
773,実は実でも食べられない実のは？,ミ（実→身）,ダジャレ・同音異義語,generated,2026-06-22 10:33:05
774,種は種でも蒔けない種のは？,タネ（種→種ね→種ねー）,ダジャレ・同音異義語,generated,2026-06-22 10:33:05
775,根は根でも生えない根のは？,ネ（根→値）,ダジャレ・同音異義語,generated,2026-06-22 10:33:05
776,葉は葉でも落ちない葉のは？,ハ（葉→歯）,ダジャレ・同音異義語,generated,2026-06-22 10:33:05
777,枝は枝でも折れない枝のは？,エダ（枝→柄）,ダジャレ・同音異義語,generated,2026-06-22 10:33:05
778,石は石でも投げられない石のは？,イシ（石→意思）,ダジャレ・同音異義語,generated,2026-06-22 10:33:05
779,岩は岩でも動かない岩のは？,イワ（岩→言わ）,ダジャレ・同音異義語,generated,2026-06-22 10:33:05
780,砂は砂でも掴めない砂のは？,スナ（砂→巣な）,ダジャレ・同音異義語,generated,2026-06-22 10:33:05
781,土は土でも掘れない土のは？,ツチ（土→槌）,ダジャレ・同音異義語,generated,2026-06-22 10:33:05
782,池は池でも泳げない池のは？,イケ（池→行け）,ダジャレ・同音異義語,generated,2026-06-22 10:33:05
783,湖は湖でも渡れない湖のは？,ミズウミ（湖→水産）,ダジャレ・同音異義語,generated,2026-06-22 10:33:05
784,島は島でも渡れない島のは？,シマ（島→縞）,ダジャレ・同音異義語,generated,2026-06-22 10:33:05
785,谷は谷でも下りられない谷のは？,タニ（谷→タニ→種に）,ダジャレ・同音異義語,generated,2026-06-22 10:33:05
786,屋根は屋根でも登れない屋根のは？,ヤネ（屋根→やねー）,ダジャレ・同音異義語,generated,2026-06-22 10:33:05
787,壁は壁でも壊せない壁のは？,カベ（壁→下部）,ダジャレ・同音異義語,generated,2026-06-22 10:33:05
788,床は床でも歩けない床のは？,ユカ（床→愉快）,ダジャレ・同音異義語,generated,2026-06-22 10:33:05
789,窓は窓でも開けられない窓のは？,マド（窓→魔戸）,ダジャレ・同音異義語,generated,2026-06-22 10:33:05
790,玄関は玄関でも入れない玄関のは？,ゲンカン（玄関→原感）,ダジャレ・同音異義語,generated,2026-06-22 10:33:05
791,廊下は廊下でも歩けない廊下のは？,ロウカ（廊下→老か）,ダジャレ・同音異義語,generated,2026-06-22 10:33:05
792,階段は階段でも上れない階段のは？,カイダン（階段→会談）,ダジャレ・同音異義語,generated,2026-06-22 10:33:05
793,庭は庭でも遊べない庭のは？,ニワ（庭→俄）,ダジャレ・同音異義語,generated,2026-06-22 10:33:05
794,門は門でも開けられない門のは？,モン（門→文）,ダジャレ・同音異義語,generated,2026-06-22 10:33:05
795,塀は塀でも越えられない塀のは？,ヘイ（塀→平）,ダジャレ・同音異義語,generated,2026-06-22 10:33:05
796,頭は頭でも使えない頭のは？,アタマ（頭→当た間）,ダジャレ・同音異義語,generated,2026-06-22 10:33:05
797,髪は髪でも切れない髪のは？,カミ（髪→紙）,ダジャレ・同音異義語,generated,2026-06-22 10:33:05
798,顔は顔でも洗えない顔のは？,カオ（顔→顔→価を）,ダジャレ・同音異義語,generated,2026-06-22 10:33:05
799,目は目でも見えない目のは？,メ（目→芽）,ダジャレ・同音異義語,generated,2026-06-22 10:33:05
800,耳は耳でも聞こえない耳のは？,ミミ（耳→実々）,ダジャレ・同音異義語,generated,2026-06-22 10:33:05
801,鼻は鼻でも効かない鼻のは？,ハナ（鼻→花）,ダジャレ・同音異義語,generated,2026-06-22 10:33:05
802,口は口でも言えない口のは？,クチ（口→口→苦遅）,ダジャレ・同音異義語,generated,2026-06-22 10:33:05
803,歯は歯でも磨けない歯のは？,ハ（歯→葉）,ダジャレ・同音異義語,generated,2026-06-22 10:33:05
804,舌は舌でも動かせない舌のは？,シタ（舌→下）,ダジャレ・同音異義語,generated,2026-06-22 10:33:05
805,喉は喉でも鳴らない喉のは？,ノド（喉→ノド→野努）,ダジャレ・同音異義語,generated,2026-06-22 10:33:05
806,首は首でも回らない首のは？,クビ（首→首→九日）,ダジャレ・同音異義語,generated,2026-06-22 10:33:05
807,肩は肩でも凝らない肩のは？,カタ（肩→型）,ダジャレ・同音異義語,generated,2026-06-22 10:33:05
808,腕は腕でも上がらない腕のは？,ウデ（腕→腕→有手）,ダジャレ・同音異義語,generated,2026-06-22 10:33:05
809,手は手でも使えない手のは？,テ（手→手）,ダジャレ・同音異義語,generated,2026-06-22 10:33:05
810,指は指でも曲がらない指のは？,ユビ（指→指→有日）,ダジャレ・同音異義語,generated,2026-06-22 10:33:05
811,爪は爪でも切れない爪のは？,ツメ（爪→詰め）,ダジャレ・同音異義語,generated,2026-06-22 10:33:05
812,胸は胸でも張れない胸のは？,ムネ（胸→旨）,ダジャレ・同音異義語,generated,2026-06-22 10:33:05
813,腹は腹でも空かない腹のは？,ハラ（腹→原）,ダジャレ・同音異義語,generated,2026-06-22 10:33:05
814,腰は腰でも痛くない腰のは？,コシ（腰→腰→古姿）,ダジャレ・同音異義語,generated,2026-06-22 10:33:05
815,足は足でも動かない足のは？,アシ（足→脚→芦）,ダジャレ・同音異義語,generated,2026-06-22 10:33:05
816,膝は膝でも曲がらない膝のは？,ヒザ（膝→膝→日座）,ダジャレ・同音異義語,generated,2026-06-22 10:33:05
817,踵は踵でも上がらない踵のは？,カカト（踵→高高と）,ダジャレ・同音異義語,generated,2026-06-22 10:33:05
818,赤は赤でも塗れない赤のは？,アカ（赤→垢）,ダジャレ・同音異義語,generated,2026-06-22 10:33:05
819,青は青でも塗れない青のは？,アオ（青→青→あおる）,ダジャレ・同音異義語,generated,2026-06-22 10:33:05
820,黄色は黄色でも塗れない黄色のは？,キイロ（黄色→気色）,ダジャレ・同音異義語,generated,2026-06-22 10:33:05
821,緑は緑でも塗れない緑のは？,ミドリ（緑→緑→見鳥）,ダジャレ・同音異義語,generated,2026-06-22 10:33:05
822,白は白でも塗れない白のは？,シロ（白→代）,ダジャレ・同音異義語,generated,2026-06-22 10:33:05
823,黒は黒でも塗れない黒のは？,クロ（黒→苦労）,ダジャレ・同音異義語,generated,2026-06-22 10:33:05
824,紫は紫でも塗れない紫のは？,ムラサキ（紫→村先）,ダジャレ・同音異義語,generated,2026-06-22 10:33:05
825,ピンクはピンクでも塗れないピンクのは？,ピンク（品区）,ダジャレ・同音異義語,generated,2026-06-22 10:33:05
826,茶色は茶色でも塗れない茶色のは？,チャイロ（茶色→茶色→茶偉炉）,ダジャレ・同音異義語,generated,2026-06-22 10:33:05
827,金は金でも塗れない金のは？,キン（金→菌）,ダジャレ・同音異義語,generated,2026-06-22 10:33:05
828,銀は銀でも塗れない銀のは？,ギン（銀→吟）,ダジャレ・同音異義語,generated,2026-06-22 10:33:05
829,サッカーはサッカーでもできないサッカーのは？,サッカー（作家）,ダジャレ・同音異義語,generated,2026-06-22 10:33:05
830,野球は野球でもできない野球のは？,ヤキュウ（野球→夜泣く）,ダジャレ・同音異義語,generated,2026-06-22 10:33:05
831,テニスはテニスでもできないテニスのは？,テニス（手にす）,ダジャレ・同音異義語,generated,2026-06-22 10:33:05
832,ゴルフはゴルフでもできないゴルフのは？,ゴルフ（ゴルフ→五流風）,ダジャレ・同音異義語,generated,2026-06-22 10:33:05
833,卓球は卓球でもできない卓球のは？,タッキュウ（卓球→活休）,ダジャレ・同音異義語,generated,2026-06-22 10:33:05
834,バレーはバレーでもできないバレーのは？,バレー（バレー→場冷え）,ダジャレ・同音異義語,generated,2026-06-22 10:33:05
835,水泳は水泳でもできない水泳のは？,スイエイ（水泳→粋泳）,ダジャレ・同音異義語,generated,2026-06-22 10:33:05
836,柔道は柔道でもできない柔道のは？,ジュウドウ（柔道→重道）,ダジャレ・同音異義語,generated,2026-06-22 10:33:05
837,剣道は剣道でもできない剣道のは？,ケンドウ（剣道→検討）,ダジャレ・同音異義語,generated,2026-06-22 10:33:05
838,相撲は相撲でもできない相撲のは？,スモウ（相撲→素毛）,ダジャレ・同音異義語,generated,2026-06-22 10:33:05
839,ギターはギターでも弾けないギターのは？,ギター（議他）,ダジャレ・同音異義語,generated,2026-06-22 10:33:05
840,ピアノはピアノでも弾けないピアノのは？,ピアノ（ひあの）,ダジャレ・同音異義語,generated,2026-06-22 10:33:05
841,バイオリンはバイオリンでも弾けないバイオリンのは？,バイオリン（バイオリン→場依織りん）,ダジャレ・同音異義語,generated,2026-06-22 10:33:05
842,トランペットはトランペットでも吹けないトランペットのは？,トランペット（虎んぺっと）,ダジャレ・同音異義語,generated,2026-06-22 10:33:05
843,フルートはフルートでも吹けないフルートのは？,フルート（風流と）,ダジャレ・同音異義語,generated,2026-06-22 10:33:05
844,ハーモニカはハーモニカでも吹けないハーモニカのは？,ハーモニカ（刃もにか）,ダジャレ・同音異義語,generated,2026-06-22 10:33:05
845,太鼓は太鼓でも叩けない太鼓のは？,タイコ（太鼓→太古）,ダジャレ・同音異義語,generated,2026-06-22 10:33:05
846,鈴は鈴でも鳴らせない鈴のは？,スズ（鈴→錫）,ダジャレ・同音異義語,generated,2026-06-22 10:33:05
847,学校は学校でも行けない学校のは？,ガッコウ（学校→楽校）,ダジャレ・同音異義語,generated,2026-06-22 10:33:05
848,病院は病院でも行けない病院のは？,ビョウイン（病院→秒院）,ダジャレ・同音異義語,generated,2026-06-22 10:33:05
849,駅は駅でも行けない駅のは？,エキ（駅→益）,ダジャレ・同音異義語,generated,2026-06-22 10:33:05
850,公園は公園でも行けない公園のは？,コウエン（公園→後援）,ダジャレ・同音異義語,generated,2026-06-22 10:33:05
851,神社は神社でも行けない神社のは？,ジンジャ（神社→人者）,ダジャレ・同音異義語,generated,2026-06-22 10:33:05
852,お寺はお寺でも行けないお寺のは？,オテラ（お寺→お寺→お手ら）,ダジャレ・同音異義語,generated,2026-06-22 10:33:05
853,郵便局は郵便局でも行けない郵便局のは？,ユウビンキョク（郵便局→有瓶局）,ダジャレ・同音異義語,generated,2026-06-22 10:33:05
854,図書館は図書館でも行けない図書館のは？,トショカン（図書館→図書缶）,ダジャレ・同音異義語,generated,2026-06-22 10:33:05
855,博物館は博物館でも行けない博物館のは？,ハクブツカン（博物館→白物缶）,ダジャレ・同音異義語,generated,2026-06-22 10:33:05
856,喫茶店は喫茶店でも行けない喫茶店のは？,キッサテン（喫茶店→喫茶店→喫擦点）,ダジャレ・同音異義語,generated,2026-06-22 10:33:05
857,医者は医者でも呼べない医者のは？,イシャ（医者→違者）,ダジャレ・同音異義語,generated,2026-06-22 10:33:05
858,看護師は看護師でも呼べない看護師のは？,カンゴシ（看護師→鑑護師）,ダジャレ・同音異義語,generated,2026-06-22 10:33:05
859,先生は先生でも呼べない先生のは？,センセイ（先生→千世）,ダジャレ・同音異義語,generated,2026-06-22 10:33:05
860,警察官は警察官でも呼べない警察官のは？,ケイサツカン（警察官→警擦缶）,ダジャレ・同音異義語,generated,2026-06-22 10:33:05
861,消防士は消防士でも呼べない消防士のは？,ショウボウシ（消防士→勝報師）,ダジャレ・同音異義語,generated,2026-06-22 10:33:05
862,運転手は運転手でも呼べない運転手のは？,ウンテンシュ（運転手→運転手→有転手）,ダジャレ・同音異義語,generated,2026-06-22 10:33:05
863,パイロットはパイロットでも呼べないパイロットのは？,パイロット（パイロット→肺炉っと）,ダジャレ・同音異義語,generated,2026-06-22 10:33:05
864,船長は船長でも呼べない船長のは？,センチョウ（船長→戦長）,ダジャレ・同音異義語,generated,2026-06-22 10:33:05
865,社長は社長でも呼べない社長のは？,シャチョウ（社長→車長）,ダジャレ・同音異義語,generated,2026-06-22 10:33:05
866,会長は会長でも呼べない会長のは？,カイチョウ（会長→回腸）,ダジャレ・同音異義語,generated,2026-06-22 10:33:05
867,愛は愛でも見えない愛のは？,アイ（愛→I）,ダジャレ・同音異義語,generated,2026-06-22 10:33:05
868,夢は夢でも見れない夢のは？,ユメ（夢→ゆめ）,ダジャレ・同音異義語,generated,2026-06-22 10:33:05
869,希望は希望でも持てない希望のは？,キボウ（希望→機房）,ダジャレ・同音異義語,generated,2026-06-22 10:33:05
870,勇気は勇気でも出せない勇気のは？,ユウキ（勇気→有機）,ダジャレ・同音異義語,generated,2026-06-22 10:33:05
871,元気は元気でも出せない元気のは？,ゲンキ（元気→原基）,ダジャレ・同音異義語,generated,2026-06-22 10:33:05
872,根気は根気でも出せない根気のは？,コンキ（根気→今季）,ダジャレ・同音異義語,generated,2026-06-22 10:33:05
873,本気は本気でも出せない本気のは？,ホンキ（本気→本機）,ダジャレ・同音異義語,generated,2026-06-22 10:33:05
874,やる気はやる気でも出せないやる気のは？,ヤルキ（野流機）,ダジャレ・同音異義語,generated,2026-06-22 10:33:05
875,気合いは気合いでも入れられない気合いのは？,キアイ（気合い→気合→木藍）,ダジャレ・同音異義語,generated,2026-06-22 10:33:05
876,やさしさはやさしさでも見せられないやさしさのは？,ヤサシサ（やさしさ→80歳）,ダジャレ・同音異義語,generated,2026-06-22 10:33:05
877,努力は努力でも見せられない努力のは？,ドリョク（努力→土緑）,ダジャレ・同音異義語,generated,2026-06-22 10:33:05
878,才能は才能でも見せられない才能のは？,サイノウ（才能→菜能）,ダジャレ・同音異義語,generated,2026-06-22 10:33:05
879,幸せは幸せでもつかめない幸せのは？,シアワセ（幸せ→四綿）,ダジャレ・同音異義語,generated,2026-06-22 10:33:05
880,平和は平和でも作れない平和のは？,ヘイワ（平和→兵和）,ダジャレ・同音異義語,generated,2026-06-22 10:33:05
881,自由は自由でも手に入れられない自由のは？,ジユウ（自由→侍勇）,ダジャレ・同音異義語,generated,2026-06-22 10:33:05
882,平等は平等でも行えない平等のは？,ビョウドウ（平等→病道）,ダジャレ・同音異義語,generated,2026-06-22 10:33:05
883,水は水でも飲めない水のは？,ミズ（水→見ず）,ダジャレ・同音異義語,generated,2026-06-22 10:33:05
884,火は火でも消せない火のは？,ヒ（火→日）,ダジャレ・同音異義語,generated,2026-06-22 10:33:05
885,お金はお金でも使えないお金のは？,オカネ（お金→お金→おかね→おかねー）,ダジャレ・同音異義語,generated,2026-06-22 10:33:05
886,時間は時間でも戻せない時間のは？,ジカン（時間→字間）,ダジャレ・同音異義語,generated,2026-06-22 10:33:05
887,言葉は言葉でも話せない言葉のは？,コトバ（言葉→琴場）,ダジャレ・同音異義語,generated,2026-06-22 10:33:05
888,写真は写真でも撮れない写真のは？,シャシン（写真→社新）,ダジャレ・同音異義語,generated,2026-06-22 10:33:05
889,ニュースはニュースでも伝えないニュースのは？,ニュース（乳巣）,ダジャレ・同音異義語,generated,2026-06-22 10:33:05
890,情報は情報でも伝えない情報のは？,ジョウホウ（情報→条報）,ダジャレ・同音異義語,generated,2026-06-22 10:33:05
891,知恵は知恵でも使えない知恵のは？,チエ（知恵→知絵）,ダジャレ・同音異義語,generated,2026-06-22 10:33:05
892,知識は知識でも使えない知識のは？,チシキ（知識→地色）,ダジャレ・同音異義語,generated,2026-06-22 10:33:05
893,経験は経験でも活かせない経験のは？,ケイケン（経験→軽減）,ダジャレ・同音異義語,generated,2026-06-22 10:33:05
894,涙は涙でも拭えない涙のは？,ナミダ（涙→並田）,ダジャレ・同音異義語,generated,2026-06-22 10:33:05
895,汗は汗でも拭えない汗のは？,アセ（汗→焦）,ダジャレ・同音異義語,generated,2026-06-22 10:33:05
896,星は星でも数えられない星のは？,ホシ（星→干し）,ダジャレ・同音異義語,generated,2026-06-22 10:33:05
897,数は数でも数えられない数のは？,カズ（数→数→和ず）,ダジャレ・同音異義語,generated,2026-06-22 10:33:05
898,音は音でも聞こえない音のは？,オト（音→弟）,ダジャレ・同音異義語,generated,2026-06-22 10:33:05
899,光は光でも見えない光のは？,ヒカリ（光→日借り）,ダジャレ・同音異義語,generated,2026-06-22 10:33:05
900,影は影でも踏めない影のは？,カゲ（影→陰）,ダジャレ・同音異義語,generated,2026-06-22 10:33:05
901,色は色でも見えない色のは？,イロ（色→倚炉）,ダジャレ・同音異義語,generated,2026-06-22 10:33:05
902,形は形でも見えない形のは？,カタチ（形→型地）,ダジャレ・同音異義語,generated,2026-06-22 10:33:05
903,大きさは大きさでも測れない大きさのは？,オオキサ（大きさ→大きさ→置きさ）,ダジャレ・同音異義語,generated,2026-06-22 10:33:05
904,重さは重さでも測れない重さのは？,オモサ（重さ→主さ）,ダジャレ・同音異義語,generated,2026-06-22 10:33:05
905,長さは長さでも測れない長さのは？,ナガサ（長さ→永さ）,ダジャレ・同音異義語,generated,2026-06-22 10:33:05
906,深さは深さでも測れない深さのは？,フカサ（深さ→深さ→深さ）,ダジャレ・同音異義語,generated,2026-06-22 10:33:05
907,高さは高さでも測れない高さのは？,タカサ（高さ→高高→鷹さ）,ダジャレ・同音異義語,generated,2026-06-22 10:33:05
908,入口と出口の間にある漢字一文字は？,口（入口も出口も「口」が入っている）,言葉遊び,generated,2026-06-22 10:33:05
909,入口と出口の間にあるのに通れないものは？,入口と出口の間の壁,言葉遊び,generated,2026-06-22 10:33:05
910,学校の門を入って最初に見るものは？,校舎（こうしゃ）,言葉遊び,generated,2026-06-22 10:33:05
911,教室のドアを開けて最初に見えるものは？,黒板（こくばん）,言葉遊び,generated,2026-06-22 10:33:05
912,黒板に書かれた字を消すものは？,黒板消し（こくばんけし）,言葉遊び,generated,2026-06-22 10:33:05
913,チョークの白い粉がついた手で触ると真っ黒になるものは？,黒板（黒板に白いチョークで書く）,言葉遊び,generated,2026-06-22 10:33:05
914,「教科書」を漢字で分解すると何と何？,教科＋書（きょうか＋しょ）,言葉遊び,generated,2026-06-22 10:33:05
915,「筆箱」の中に絶対に入っていないものは？,筆箱自体（筆箱の中に筆箱は入っていない）,言葉遊び,generated,2026-06-22 10:33:05
916,消しゴムで消せないものは？,記憶（きおく）,言葉遊び,generated,2026-06-22 10:33:05
917,鉛筆で書けるけれどペンでは書けないものは？,鉛筆の跡（下書き）,言葉遊び,generated,2026-06-22 10:33:05
918,定規で測れるけれど手では測れないものは？,正確な長さ（手は不正確）,言葉遊び,generated,2026-06-22 10:33:05
919,コンパスで描けるけれど手では描けないものは？,完璧な円（完璧な円は手書きでは難しい）,言葉遊び,generated,2026-06-22 10:33:05
920,のりで貼れるけれど水では貼れないものは？,紙（水だけでは紙は貼れない）,言葉遊び,generated,2026-06-22 10:33:05
921,はさみで切れるけれど手では切れないものは？,まっすぐな線（手で切るとガタガタ）,言葉遊び,generated,2026-06-22 10:33:05
922,カッターで切れるけれどはさみでは切りにくいものは？,段ボール（厚いもの）,言葉遊び,generated,2026-06-22 10:33:05
923,ホッチキスで留められるけれど手では留められないものは？,紙の束（手では留められない）,言葉遊び,generated,2026-06-22 10:33:05
924,クリップで留められるけれど輪ゴムでは留められないものは？,厚い書類の束,言葉遊び,generated,2026-06-22 10:33:05
925,セロハンテープで貼れるけれどガムテープでは貼れないものは？,薄い紙（セロテープの方が優しい）,言葉遊び,generated,2026-06-22 10:33:05
926,「先輩」と「後輩」の間にいる人は？,同級生（同じ学年）,言葉遊び,generated,2026-06-22 10:33:05
927,「父」と「母」の間にいる人は？,子ども（父母の間の子供）,言葉遊び,generated,2026-06-22 10:33:05
928,「兄」と「弟」の間にいる人は？,姉／妹（兄弟姉妹の間）,言葉遊び,generated,2026-06-22 10:33:05
929,「先生」と「生徒」の間にいる人は？,校長先生（学校のトップ）,言葉遊び,generated,2026-06-22 10:33:05
930,「右」と「左」の間にあるものは？,真ん中／中心,言葉遊び,generated,2026-06-22 10:33:05
931,「前」と「後ろ」の間にあるものは？,現在（いま）,言葉遊び,generated,2026-06-22 10:33:05
932,「上」と「下」の間にあるものは？,中間（ちゅうかん）,言葉遊び,generated,2026-06-22 10:33:05
933,「高い」と「低い」の間にあるものは？,普通（ふつう）,言葉遊び,generated,2026-06-22 10:33:05
934,「暑い」と「寒い」の間にあるものは？,暖かい（あたたかい）／涼しい（すずしい）,言葉遊び,generated,2026-06-22 10:33:05
935,「甘い」と「辛い」の間にあるものは？,しょっぱい（塩味）,言葉遊び,generated,2026-06-22 10:33:05
936,「明るい」と「暗い」の間にあるものは？,薄暗い（うすぐらい）,言葉遊び,generated,2026-06-22 10:33:05
937,「太い」と「細い」の間にあるものは？,中くらい（ちゅうくらい）,言葉遊び,generated,2026-06-22 10:33:05
938,「多い」と「少ない」の間にあるものは？,普通（ふつう）,言葉遊び,generated,2026-06-22 10:33:05
939,重いと軽いの間でバランスを取る道具は？,天秤（てんびん）／はかり,言葉遊び,generated,2026-06-22 10:33:05
940,遠いと近いの間にある距離感は？,中間距離（ちゅうかんきょり）,言葉遊び,generated,2026-06-22 10:33:05
941,「飲む」と「食べる」の間にある動作は？,すする（汁物をすする）,言葉遊び,generated,2026-06-22 10:33:05
942,「歩く」と「走る」の間にある動きは？,早歩き（はやあるき）,言葉遊び,generated,2026-06-22 10:33:05
943,「話す」と「聞く」の間にある動作は？,通訳（つうやく）,言葉遊び,generated,2026-06-22 10:33:05
944,「書く」と「読む」の間にある動作は？,編集（へんしゅう）,言葉遊び,generated,2026-06-22 10:33:05
945,「見る」と「触る」の間にある感覚は？,熱さ／冷たさ（見て触らずに感じる温度）,言葉遊び,generated,2026-06-22 10:33:05
946,「買う」と「売る」の間にある人は？,仲介人（ちゅうかいにん）／店員,言葉遊び,generated,2026-06-22 10:33:05
947,「貸す」と「借りる」の間にあるものは？,お金／物（貸し借りの対象）,言葉遊び,generated,2026-06-22 10:33:05
948,右手でできるのに左手ではできないことは？,左手で握手する（右手で左手を握るけど、左手で左手を握れない）,ひっかけ,generated,2026-06-22 10:33:05
949,右手で持って左手で渡すものは？,お箸（右手で箸を持って左手で茶碗を持つが、渡すのは茶碗）,ひっかけ,generated,2026-06-22 10:33:05
950,目を開けて見えないものは？,自分のまぶた（目を開けているとまぶたは見えない）,ひっかけ,generated,2026-06-22 10:33:05
951,目を閉じて見えるものは？,暗闇（目を閉じると暗闇が見える）,ひっかけ,generated,2026-06-22 10:33:05
952,口を開けて食べられないものは？,空気（口を開けても空気は食べ物じゃない）,ひっかけ,generated,2026-06-22 10:33:05
953,口を閉じて話せる言葉は？,んー（唸り声）,ひっかけ,generated,2026-06-22 10:33:05
954,鼻で息をしながら口でできることは？,話す（鼻呼吸しながら話せる）,ひっかけ,generated,2026-06-22 10:33:05
955,耳を澄ませば聞こえるのに、耳を塞ぐと聞こえなくなる音は？,周りの音（当たり前）,ひっかけ,generated,2026-06-22 10:33:05
956,手を叩けば出る音は？,拍手（はくしゅ）,ひっかけ,generated,2026-06-22 10:33:05
957,足を踏めば出る音は？,足音（あしおと）,ひっかけ,generated,2026-06-22 10:33:05
958,指を鳴らせば出る音は？,フィンガースナップ,ひっかけ,generated,2026-06-22 10:33:05
959,口笛で吹けるのに歌では出せない音は？,鳥のさえずりの真似（口笛で鳥の声を真似できる）,ひっかけ,generated,2026-06-22 10:33:05
960,目で見るより耳で聞いたほうが早くわかることは？,危険の接近（耳の方が早く察知する）,ひっかけ,generated,2026-06-22 10:33:05
961,鼻で嗅ぐより目で見たほうが早くわかることは？,距離（匂いより目で距離を測る方が早い）,ひっかけ,generated,2026-06-22 10:33:05
962,手で触るより目で見たほうが正確なことは？,色（手で触っても色はわからない）,ひっかけ,generated,2026-06-22 10:33:05
963,舌で味わうより鼻で嗅いだほうがよくわかることは？,香り（味のほとんどは香りで決まる）,ひっかけ,generated,2026-06-22 10:33:05
964,体で感じるより心で感じるほうが強いものは？,愛情（こころのつながり）,ひっかけ,generated,2026-06-22 10:33:05
965,朝は2本足で昼は1本足で夜はまた2本足で歩くものは？,人間（朝＝両足、昼＝片足で立つことはない）→これは有名なスフィンクスのなぞなぞのパロディ,ひっかけ,generated,2026-06-22 10:33:05
966,1度に2つのことができる動物は？,人間（歩きながら話すなどマルチタスク）,ひっかけ,generated,2026-06-22 10:33:05
967,自分では動けないのに人を運べるものは？,エスカレーター／エレベーター,ひっかけ,generated,2026-06-22 10:33:05
968,自分では話せないのに人の話を伝えられるものは？,電話／手紙,ひっかけ,generated,2026-06-22 10:33:05
969,自分では見えないのに人の目になれるものは？,メガネ／コンタクト,ひっかけ,generated,2026-06-22 10:33:05
970,自分では歩けないのに人の足になれるものは？,車椅子／杖,ひっかけ,generated,2026-06-22 10:33:05
971,自分では聞こえないのに人の耳になれるものは？,補聴器,ひっかけ,generated,2026-06-22 10:33:05
972,自分では覚えられないのに人の記憶になれるものは？,メモ／ノート,ひっかけ,generated,2026-06-22 10:33:05
973,自分では歌えないのに人の声を録音できるものは？,録音機／ICレコーダー,ひっかけ,generated,2026-06-22 10:33:05
974,自分では書けないのに人の字を写せるものは？,コピー機／プリンター,ひっかけ,generated,2026-06-22 10:33:05
975,自分では計算できないのに人の計算になれるものは？,電卓／計算機,ひっかけ,generated,2026-06-22 10:33:05
976,自分では決められないのに人の決断になれるものは？,占い／おみくじ,ひっかけ,generated,2026-06-22 10:33:05
977,鉛筆とかけて親子関係と解く。その心は？,どちらも芯（心）が大事,なぞかけ,generated,2026-06-22 10:33:05
978,消しゴムとかけて謝罪会見と解く。その心は？,どちらも後から間違いを消そうとする,なぞかけ,generated,2026-06-22 10:33:05
979,赤ペンとかけて先生と解く。その心は？,どちらも間違いを見つけるのが仕事,なぞかけ,generated,2026-06-22 10:33:05
980,ランドセルとかけて思い出と解く。その心は？,どちらも6年間背負う,なぞかけ,generated,2026-06-22 10:33:05
981,夏休みとかけて夢と解く。その心は？,どちらも終わるのが早い,なぞかけ,generated,2026-06-22 10:33:05
982,冬休みとかけて貯金と解く。その心は？,どちらも短い,なぞかけ,generated,2026-06-22 10:33:05
983,入学式とかけて出会いと解く。その心は？,どちらも新しい始まり,なぞかけ,generated,2026-06-22 10:33:05
984,卒業式とかけて別れと解く。その心は？,どちらも新しい旅立ち,なぞかけ,generated,2026-06-22 10:33:05
985,運動会とかけて人生と解く。その心は？,どちらも順位がつく,なぞかけ,generated,2026-06-22 10:33:05
986,文化祭とかけて創作と解く。その心は？,どちらも準備が大変,なぞかけ,generated,2026-06-22 10:33:05
987,修学旅行とかけて青春と解く。その心は？,どちらも一生の思い出,なぞかけ,generated,2026-06-22 10:33:05
988,遠足とかけて冒険と解く。その心は？,どちらも地図を見ながら進む,なぞかけ,generated,2026-06-22 10:33:05
989,給食とかけて宝箱と解く。その心は？,どちらの中身は当日までわからない,なぞかけ,generated,2026-06-22 10:33:05
990,放課後とかけて自由時間と解く。その心は？,どちらも限られているから貴重,なぞかけ,generated,2026-06-22 10:33:05
991,宿題とかけて借金と解く。その心は？,どちらも溜めると大変,なぞかけ,generated,2026-06-22 10:33:05
992,試験とかけて緊張と解く。その心は？,どちらも手に汗握る,なぞかけ,generated,2026-06-22 10:33:05
993,通知表とかけて鏡と解く。その心は？,どちらに自分の姿が映る,なぞかけ,generated,2026-06-22 10:33:05
994,家庭訪問とかけてドッキリと解く。その心は？,どちらも事前に知らされると緊張する,なぞかけ,generated,2026-06-22 10:33:05
995,「百」から「一」を引くとできる漢字は？,白（百の上の一を取ると白）,漢字なぞなぞ,generated,2026-06-22 10:33:05
996,「千」から「一」を引くと？,十（千の上の一を引くと十に見える）,漢字なぞなぞ,generated,2026-06-22 10:33:05
997,「万」から「一」を引くと？,「万」から一画引くと「刀」にも「方」にも見える,漢字なぞなぞ,generated,2026-06-22 10:33:05
998,「大」に点を打つと？,犬（大に点で犬）,漢字なぞなぞ,generated,2026-06-22 10:33:05
999,「犬」から点を取ると？,大（犬から点を取ると大）,漢字なぞなぞ,generated,2026-06-22 10:33:05
1000,「木」に一本足すとできる漢字は？,本（木に一本棒を足すと本）／末（木の先に一線）,漢字なぞなぞ,generated,2026-06-22 10:33:05
1001,「木」に二本足すと？,林（木＋木）,漢字なぞなぞ,generated,2026-06-22 10:33:05
1002,「木」に三本足すと？,森（木＋木＋木）,漢字なぞなぞ,generated,2026-06-22 10:33:05
1003,「口」に棒を一本入れると？,日（口に横棒）／中（口に縦棒）,漢字なぞなぞ,generated,2026-06-22 10:33:05
1004,「口」に棒を二本入れると？,目（口に横棒二本）／田（口に十字）,漢字なぞなぞ,generated,2026-06-22 10:33:05
1005,「口」に棒を三本入れると？,罒（あみがしら）／田に横棒一本→「由」,漢字なぞなぞ,generated,2026-06-22 10:33:05
1006,「日」に棒を一本足すと？,旧（日に縦棒）／旦（日の下に横棒）／百（日＋一）,漢字なぞなぞ,generated,2026-06-22 10:33:05
1007,「月」に棒を一本足すと？,用（月に縦棒）,漢字なぞなぞ,generated,2026-06-22 10:33:05
1008,「火」に棒を一本足すと？,?（火に棒一本は難しい）,漢字なぞなぞ,generated,2026-06-22 10:33:05
1009,「山」に棒を一本足すと？,出（山＋山＝出という解釈もあるが、実際は山＋山ではない）,漢字なぞなぞ,generated,2026-06-22 10:33:05
1010,「王」に点を打つと？,玉（王に点で玉）,漢字なぞなぞ,generated,2026-06-22 10:33:05
1011,「玉」から点を取ると？,王（玉から点を取ると王）,漢字なぞなぞ,generated,2026-06-22 10:33:05
1012,「土」に一本足すと？,王（土に横棒一本で王になるわけではない→土の上に一で「王」？いや「王」は三＋一）,漢字なぞなぞ,generated,2026-06-22 10:33:05
1013,寝る前に必ずすることは？,目を閉じる,あるある,generated,2026-06-22 10:33:05
1014,起きたら必ずすることは？,目を開ける,あるある,generated,2026-06-22 10:33:05
1015,トイレに入る前に必ずすることは？,ドアを閉める（入る前に閉める？→間違えた。入ってから閉める）,あるある,generated,2026-06-22 10:33:05
1016,トイレから出たら必ずすることは？,手を洗う,あるある,generated,2026-06-22 10:33:05
1017,電話がかかってきたら必ずすることは？,出る（かけてきた電話に出る）,あるある,generated,2026-06-22 10:33:05
1018,メールが来たら必ずすることは？,読む（メールを開いて読む）,あるある,generated,2026-06-22 10:33:05
1019,お風呂に入ったら必ずすることは？,体を洗う,あるある,generated,2026-06-22 10:33:05
1020,ご飯を食べる前に必ずすることは？,手を洗う,あるある,generated,2026-06-22 10:33:05
1021,外から帰ったら必ずすることは？,手を洗う,あるある,generated,2026-06-22 10:33:05
1022,くしゃみをしたら必ず言うことは？,「失礼しました」／「誰かが噂してる」,あるある,generated,2026-06-22 10:33:05
1023,あくびが出たら必ず言うことは？,「失礼」／「眠いなー」,あるある,generated,2026-06-22 10:33:05
1024,つまずいたら必ず言うことは？,「あっ」／「いてっ」,あるある,generated,2026-06-22 10:33:05
1025,ぶつかったら必ず言うことは？,「すみません」,あるある,generated,2026-06-22 10:33:05
1026,落としたら必ず言うことは？,「あっ」,あるある,generated,2026-06-22 10:33:05
1027,忘れたら必ず言うことは？,「しまった」,あるある,generated,2026-06-22 10:33:05
1028,遅刻したら必ず言うことは？,「すみません」,あるある,generated,2026-06-22 10:33:05
1029,褒められたら必ず言うことは？,「ありがとうございます」,あるある,generated,2026-06-22 10:33:05
1030,謝られたら必ず言うことは？,「いいえ、大丈夫です」,あるある,generated,2026-06-22 10:33:05
1031,プレゼントをもらったら必ず言うことは？,「ありがとう」,あるある,generated,2026-06-22 10:33:05
1032,「100」のことを別の言い方で言うと？,百（ひゃく）,数字・記号,generated,2026-06-22 10:33:05
1033,「1000」のことを別の言い方で言うと？,千（せん）,数字・記号,generated,2026-06-22 10:33:05
1034,「10000」のことを別の言い方で言うと？,万（まん）,数字・記号,generated,2026-06-22 10:33:05
1035,「0」ということばが二つでできる言葉は？,ゼロゼロ→零零→霊霊→れいれい,数字・記号,generated,2026-06-22 10:33:05
1036,「1」と「0」でできる言葉は？,10（じゅう）／01（これは数字じゃない）,数字・記号,generated,2026-06-22 10:33:05
1037,「1」と「0」と「0」でできる言葉は？,100（ひゃく）,数字・記号,generated,2026-06-22 10:33:05
1038,「2」と「0」と「0」でできる言葉は？,200（にひゃく）,数字・記号,generated,2026-06-22 10:33:05
1039,数字の「3」を横に倒すと見えるアルファベットは？,E（横向きの3はEに見える）,数字・記号,generated,2026-06-22 10:33:05
1040,数字の「4」を横に倒すと見えるアルファベットは？,h（4を横に倒すとhに見える）,数字・記号,generated,2026-06-22 10:33:05
1041,数字の「6」を逆さまにすると見える数字は？,9,数字・記号,generated,2026-06-22 10:33:05
1042,数字の「9」を逆さまにすると見える数字は？,6,数字・記号,generated,2026-06-22 10:33:05
1043,数字の「8」を縦に半分に切ると見える数字は？,3（8の左半分は3の形）,数字・記号,generated,2026-06-22 10:33:05
1044,数字の「8」を横に半分に切ると見える記号は？,∞（横にすると無限記号）,数字・記号,generated,2026-06-22 10:33:05
1045,「∞」を縦にすると見える数字は？,8（∞を縦にすると8）,数字・記号,generated,2026-06-22 10:33:05
1046,「1000」から「1」を引くと？,999（千から一を引くと九百九十九）,数字・記号,generated,2026-06-22 10:33:05
1047,「999」に「1」を足すと？,1000（九百九十九に一を足すと千）,数字・記号,generated,2026-06-22 10:33:05
