riddle_id,entity_id,role
0,5,mentioned
0,34,mentioned
0,133,mentioned
1,5,mentioned
1,123,mentioned
1,133,mentioned
2,5,mentioned
2,120,mentioned
2,131,mentioned
2,133,mentioned
2,412,mentioned
3,5,mentioned
3,133,mentioned
4,28,mentioned
4,133,mentioned
5,28,mentioned
5,131,mentioned
5,133,mentioned
6,35,mentioned
6,133,mentioned
6,496,mentioned
7,78,mentioned
7,133,mentioned
8,3,mentioned
8,36,mentioned
8,45,mentioned
8,53,mentioned
8,131,mentioned
8,133,mentioned
8,412,mentioned
9,79,mentioned
9,133,mentioned
9,135,mentioned
10,37,mentioned
10,133,mentioned
10,619,mentioned
11,54,mentioned
11,133,mentioned
11,619,mentioned
12,71,mentioned
12,80,mentioned
12,133,mentioned
13,2,mentioned
13,14,mentioned
13,133,mentioned
14,29,mentioned
14,133,mentioned
15,81,mentioned
15,124,mentioned
15,133,mentioned
16,82,mentioned
16,133,mentioned
16,412,mentioned
17,38,mentioned
17,133,mentioned
18,83,mentioned
18,133,mentioned
19,23,mentioned
19,133,mentioned
20,84,mentioned
20,133,mentioned
21,85,mentioned
21,133,mentioned
22,86,mentioned
22,133,mentioned
23,125,mentioned
23,133,mentioned
24,126,mentioned
24,133,mentioned
25,127,mentioned
25,133,mentioned
26,128,mentioned
26,133,mentioned
27,87,mentioned
27,133,mentioned
28,39,mentioned
28,131,mentioned
28,133,mentioned
28,412,mentioned
29,88,mentioned
29,131,mentioned
29,133,mentioned
30,55,mentioned
30,129,mentioned
30,133,mentioned
30,135,mentioned
31,40,mentioned
31,130,mentioned
31,131,mentioned
31,133,mentioned
32,56,mentioned
32,57,mentioned
32,133,mentioned
33,58,mentioned
33,89,mentioned
33,133,mentioned
34,89,mentioned
34,133,mentioned
34,135,mentioned
34,551,mentioned
35,131,mentioned
35,133,mentioned
36,132,mentioned
36,133,mentioned
36,554,mentioned
37,90,mentioned
37,133,mentioned
38,9,mentioned
38,90,mentioned
38,133,mentioned
39,89,mentioned
39,120,mentioned
39,133,mentioned
39,557,mentioned
40,133,mentioned
40,134,mentioned
41,91,mentioned
41,133,mentioned
41,135,mentioned
42,13,mentioned
42,133,mentioned
42,136,mentioned
43,59,mentioned
43,133,mentioned
43,137,mentioned
44,133,mentioned
44,138,mentioned
44,577,mentioned
45,60,mentioned
45,133,mentioned
46,133,mentioned
46,139,mentioned
47,41,mentioned
47,133,mentioned
48,10,mentioned
48,42,mentioned
48,133,mentioned
49,12,mentioned
49,14,mentioned
49,133,mentioned
50,14,mentioned
50,133,mentioned
51,61,mentioned
51,133,mentioned
52,61,mentioned
52,133,mentioned
53,43,mentioned
53,133,mentioned
54,43,mentioned
54,133,mentioned
55,131,mentioned
55,133,mentioned
55,140,mentioned
55,412,mentioned
56,44,mentioned
56,133,mentioned
57,11,mentioned
57,56,mentioned
57,133,mentioned
58,45,mentioned
58,133,mentioned
58,412,mentioned
59,46,mentioned
59,133,mentioned
59,412,mentioned
60,8,mentioned
60,30,mentioned
60,133,mentioned
61,8,mentioned
61,133,mentioned
62,8,mentioned
62,133,mentioned
63,8,mentioned
63,133,mentioned
64,11,mentioned
64,133,mentioned
65,11,mentioned
65,133,mentioned
66,11,mentioned
66,57,mentioned
66,133,mentioned
67,17,mentioned
67,62,mentioned
67,133,mentioned
68,15,mentioned
68,133,mentioned
69,31,mentioned
69,133,mentioned
70,31,mentioned
70,133,mentioned
71,2,mentioned
71,3,mentioned
71,92,mentioned
71,133,mentioned
72,3,mentioned
72,47,mentioned
72,133,mentioned
73,3,mentioned
73,47,mentioned
73,133,mentioned
74,3,mentioned
74,16,mentioned
74,47,mentioned
74,133,mentioned
74,654,mentioned
75,48,mentioned
75,63,mentioned
75,133,mentioned
76,48,mentioned
76,63,mentioned
76,133,mentioned
77,64,mentioned
77,133,mentioned
77,412,mentioned
78,64,mentioned
78,133,mentioned
79,65,mentioned
79,133,mentioned
79,533,mentioned
80,65,mentioned
80,133,mentioned
81,93,mentioned
81,133,mentioned
82,3,mentioned
82,36,mentioned
82,133,mentioned
82,135,mentioned
82,141,mentioned
82,621,mentioned
83,17,mentioned
83,133,mentioned
83,135,mentioned
83,142,mentioned
84,4,mentioned
84,6,mentioned
84,133,mentioned
84,135,mentioned
84,143,mentioned
84,573,mentioned
85,133,mentioned
85,135,mentioned
86,32,mentioned
86,133,mentioned
86,135,mentioned
86,144,mentioned
87,10,mentioned
87,71,mentioned
87,133,mentioned
87,135,mentioned
88,133,mentioned
88,135,mentioned
88,145,mentioned
89,131,mentioned
89,133,mentioned
89,135,mentioned
89,496,mentioned
89,599,mentioned
90,66,mentioned
90,133,mentioned
90,135,mentioned
91,59,mentioned
91,133,mentioned
91,135,mentioned
92,133,mentioned
92,135,mentioned
93,133,mentioned
93,135,mentioned
93,638,mentioned
94,7,mentioned
94,133,mentioned
94,135,mentioned
94,412,mentioned
95,133,mentioned
95,135,mentioned
95,590,mentioned
95,619,mentioned
96,6,mentioned
96,133,mentioned
96,135,mentioned
97,67,mentioned
97,131,mentioned
97,133,mentioned
97,135,mentioned
98,4,mentioned
98,133,mentioned
98,135,mentioned
99,133,mentioned
99,135,mentioned
99,477,mentioned
100,133,mentioned
100,135,mentioned
100,146,mentioned
100,551,mentioned
101,133,mentioned
101,135,mentioned
102,18,mentioned
102,133,mentioned
102,135,mentioned
103,133,mentioned
103,135,mentioned
104,9,mentioned
104,133,mentioned
104,135,mentioned
104,654,mentioned
104,665,mentioned
105,133,mentioned
105,135,mentioned
105,147,mentioned
106,133,mentioned
106,135,mentioned
107,11,mentioned
107,133,mentioned
107,135,mentioned
107,552,mentioned
108,133,mentioned
108,135,mentioned
109,0,mentioned
109,16,mentioned
109,19,mentioned
109,133,mentioned
110,0,mentioned
110,133,mentioned
110,654,mentioned
111,0,mentioned
111,38,mentioned
111,89,mentioned
111,133,mentioned
111,548,mentioned
112,133,mentioned
112,551,mentioned
112,553,mentioned
113,24,mentioned
113,133,mentioned
113,553,mentioned
113,554,mentioned
114,16,mentioned
114,133,mentioned
115,25,mentioned
115,133,mentioned
115,594,mentioned
116,133,mentioned
116,148,mentioned
117,133,mentioned
117,135,mentioned
118,90,mentioned
118,133,mentioned
119,133,mentioned
119,149,mentioned
120,127,mentioned
120,133,mentioned
120,552,mentioned
121,9,mentioned
121,90,mentioned
121,133,mentioned
122,9,mentioned
122,90,mentioned
122,133,mentioned
122,388,mentioned
122,412,mentioned
122,553,mentioned
123,0,mentioned
123,20,mentioned
123,26,mentioned
123,135,mentioned
124,49,mentioned
124,133,mentioned
124,387,mentioned
124,412,mentioned
124,553,mentioned
124,587,mentioned
125,9,mentioned
125,133,mentioned
125,150,mentioned
125,412,mentioned
125,587,mentioned
126,19,mentioned
126,133,mentioned
127,0,mentioned
127,133,mentioned
128,0,mentioned
128,133,mentioned
128,135,mentioned
128,151,mentioned
129,133,mentioned
129,412,mentioned
129,587,mentioned
130,133,mentioned
130,152,mentioned
130,412,mentioned
130,587,mentioned
131,21,mentioned
131,89,mentioned
131,133,mentioned
131,554,mentioned
132,3,mentioned
132,133,mentioned
132,575,mentioned
132,621,mentioned
133,0,mentioned
133,133,mentioned
133,554,mentioned
133,590,mentioned
133,591,mentioned
133,671,mentioned
134,1,mentioned
134,133,mentioned
135,1,mentioned
135,8,mentioned
135,30,mentioned
135,133,mentioned
136,133,mentioned
136,552,mentioned
136,553,mentioned
137,0,mentioned
137,9,mentioned
137,133,mentioned
137,553,mentioned
138,0,mentioned
139,0,mentioned
139,654,mentioned
140,0,mentioned
140,655,mentioned
141,133,mentioned
141,601,mentioned
142,24,mentioned
142,25,mentioned
142,59,mentioned
142,133,mentioned
142,135,mentioned
142,153,mentioned
143,3,mentioned
143,94,mentioned
143,133,mentioned
143,135,mentioned
143,154,mentioned
144,61,mentioned
144,133,mentioned
144,155,mentioned
145,133,mentioned
145,156,mentioned
145,412,mentioned
146,12,mentioned
146,14,mentioned
146,133,mentioned
146,157,mentioned
146,495,mentioned
147,91,mentioned
147,133,mentioned
147,431,mentioned
148,89,mentioned
148,133,mentioned
148,412,mentioned
148,668,mentioned
149,91,mentioned
150,133,mentioned
150,158,mentioned
150,599,mentioned
151,133,mentioned
151,159,mentioned
151,412,mentioned
152,97,mentioned
152,133,mentioned
152,160,mentioned
153,133,mentioned
153,135,mentioned
153,161,mentioned
153,412,mentioned
153,557,mentioned
153,568,mentioned
153,658,mentioned
154,9,mentioned
154,133,mentioned
154,135,mentioned
154,162,mentioned
154,412,mentioned
155,133,mentioned
155,163,mentioned
155,654,mentioned
156,133,mentioned
156,164,mentioned
156,587,mentioned
157,89,mentioned
157,127,mentioned
157,133,mentioned
157,165,mentioned
158,27,mentioned
158,133,mentioned
158,166,mentioned
158,662,mentioned
159,23,mentioned
159,133,mentioned
159,167,mentioned
159,670,mentioned
160,27,mentioned
160,133,mentioned
160,135,mentioned
160,168,mentioned
160,590,mentioned
160,591,mentioned
160,595,mentioned
161,38,mentioned
161,133,mentioned
161,169,mentioned
162,5,mentioned
162,9,mentioned
162,90,mentioned
162,133,mentioned
162,170,mentioned
163,133,mentioned
163,171,mentioned
164,10,mentioned
164,133,mentioned
164,172,mentioned
164,412,mentioned
164,668,mentioned
165,50,mentioned
165,97,mentioned
165,133,mentioned
165,135,mentioned
165,173,mentioned
166,14,mentioned
166,131,mentioned
166,133,mentioned
166,412,mentioned
167,133,mentioned
167,174,mentioned
167,175,mentioned
168,24,mentioned
168,25,mentioned
168,133,mentioned
168,176,mentioned
168,594,mentioned
169,133,mentioned
169,177,mentioned
169,514,mentioned
169,655,mentioned
170,5,mentioned
170,18,mentioned
170,95,mentioned
170,133,mentioned
170,178,mentioned
171,133,mentioned
171,179,mentioned
172,133,mentioned
172,180,mentioned
172,639,mentioned
173,133,mentioned
173,412,mentioned
174,15,mentioned
174,131,mentioned
174,133,mentioned
175,7,mentioned
175,89,mentioned
175,133,mentioned
175,181,mentioned
176,1,mentioned
176,7,mentioned
176,133,mentioned
176,182,mentioned
176,412,mentioned
177,89,mentioned
177,133,mentioned
177,135,mentioned
177,183,mentioned
177,412,mentioned
177,528,mentioned
178,133,mentioned
178,135,mentioned
178,412,mentioned
178,657,mentioned
179,133,mentioned
179,135,mentioned
179,650,mentioned
180,87,mentioned
180,133,mentioned
180,135,mentioned
180,594,mentioned
181,4,mentioned
181,133,mentioned
181,135,mentioned
182,133,mentioned
182,135,mentioned
182,590,mentioned
182,595,mentioned
183,68,mentioned
183,96,mentioned
183,133,mentioned
183,135,mentioned
183,592,mentioned
183,594,mentioned
183,671,mentioned
184,133,mentioned
184,135,mentioned
185,32,mentioned
185,133,mentioned
185,135,mentioned
185,184,mentioned
185,412,mentioned
186,9,mentioned
186,133,mentioned
186,616,mentioned
186,668,mentioned
187,133,mentioned
187,185,mentioned
188,71,mentioned
188,131,mentioned
188,133,mentioned
188,186,mentioned
189,97,mentioned
189,133,mentioned
189,187,mentioned
189,412,mentioned
190,25,mentioned
190,654,mentioned
191,21,mentioned
191,133,mentioned
191,412,mentioned
191,663,mentioned
192,15,mentioned
192,133,mentioned
192,135,mentioned
192,188,mentioned
193,133,mentioned
194,13,mentioned
194,50,mentioned
194,59,mentioned
194,133,mentioned
194,135,mentioned
194,189,mentioned
195,133,mentioned
195,135,mentioned
195,190,mentioned
196,40,mentioned
196,133,mentioned
196,191,mentioned
196,557,mentioned
196,585,mentioned
196,658,mentioned
197,29,mentioned
197,133,mentioned
197,134,mentioned
197,192,mentioned
198,133,mentioned
198,193,mentioned
199,133,mentioned
199,135,mentioned
199,194,mentioned
199,663,mentioned
200,71,mentioned
200,133,mentioned
200,135,mentioned
201,10,mentioned
201,91,mentioned
201,133,mentioned
201,195,mentioned
202,9,mentioned
202,133,mentioned
202,196,mentioned
202,412,mentioned
203,18,mentioned
203,133,mentioned
204,133,mentioned
204,197,mentioned
204,594,mentioned
204,595,mentioned
205,133,mentioned
205,198,mentioned
205,412,mentioned
206,133,mentioned
206,135,mentioned
206,199,mentioned
206,590,mentioned
207,133,mentioned
207,200,mentioned
207,573,mentioned
208,133,mentioned
208,201,mentioned
208,412,mentioned
209,133,mentioned
209,202,mentioned
210,133,mentioned
210,203,mentioned
211,133,mentioned
211,204,mentioned
212,133,mentioned
212,205,mentioned
213,1,mentioned
213,133,mentioned
213,135,mentioned
213,657,mentioned
213,725,mentioned
214,133,mentioned
214,135,mentioned
214,657,mentioned
214,725,mentioned
215,1,mentioned
215,133,mentioned
215,657,mentioned
216,1,mentioned
216,133,mentioned
217,1,mentioned
217,133,mentioned
217,206,mentioned
218,133,mentioned
218,207,mentioned
219,1,mentioned
219,133,mentioned
219,208,mentioned
220,133,mentioned
220,209,mentioned
221,29,mentioned
221,33,mentioned
221,120,mentioned
221,135,mentioned
221,590,mentioned
222,7,mentioned
222,29,mentioned
222,33,mentioned
222,133,mentioned
222,135,mentioned
222,590,mentioned
223,133,mentioned
223,135,mentioned
223,654,mentioned
224,9,mentioned
224,17,mentioned
224,91,mentioned
224,133,mentioned
224,412,mentioned
225,71,mentioned
225,131,mentioned
225,133,mentioned
225,210,mentioned
226,97,mentioned
226,133,mentioned
226,668,mentioned
227,91,mentioned
227,133,mentioned
227,211,mentioned
227,412,mentioned
227,587,mentioned
228,13,mentioned
228,133,mentioned
228,212,mentioned
228,587,mentioned
229,16,mentioned
229,133,mentioned
229,135,mentioned
229,213,mentioned
229,412,mentioned
230,8,mentioned
230,30,mentioned
230,133,mentioned
230,384,mentioned
230,548,mentioned
231,89,mentioned
231,133,mentioned
231,214,mentioned
232,40,mentioned
232,89,mentioned
232,133,mentioned
232,215,mentioned
232,412,mentioned
232,467,mentioned
233,98,mentioned
233,99,mentioned
233,133,mentioned
233,216,mentioned
233,655,mentioned
234,133,mentioned
234,217,mentioned
235,133,mentioned
235,135,mentioned
235,548,mentioned
236,16,mentioned
236,133,mentioned
236,135,mentioned
236,218,mentioned
236,561,mentioned
237,133,mentioned
237,219,mentioned
237,551,mentioned
237,654,mentioned
237,655,mentioned
238,55,mentioned
238,133,mentioned
238,220,mentioned
238,655,mentioned
239,28,mentioned
239,89,mentioned
239,131,mentioned
239,133,mentioned
239,135,mentioned
239,221,mentioned
239,431,mentioned
240,133,mentioned
240,222,mentioned
241,133,mentioned
241,223,mentioned
242,133,mentioned
242,224,mentioned
243,133,mentioned
243,225,mentioned
243,582,mentioned
244,133,mentioned
244,226,mentioned
244,556,mentioned
245,89,mentioned
245,133,mentioned
245,227,mentioned
245,672,mentioned
246,133,mentioned
246,135,mentioned
246,412,mentioned
247,133,mentioned
247,228,mentioned
247,594,mentioned
247,595,mentioned
248,57,mentioned
248,133,mentioned
248,229,mentioned
248,594,mentioned
248,595,mentioned
249,1,mentioned
249,37,mentioned
249,133,mentioned
249,230,mentioned
249,554,mentioned
249,590,mentioned
249,591,mentioned
250,87,mentioned
250,133,mentioned
250,231,mentioned
251,133,mentioned
251,232,mentioned
251,430,mentioned
252,107,mentioned
252,133,mentioned
252,233,mentioned
253,133,mentioned
253,234,mentioned
253,725,mentioned
254,133,mentioned
254,235,mentioned
255,86,mentioned
255,133,mentioned
255,236,mentioned
256,102,mentioned
256,133,mentioned
256,237,mentioned
257,91,mentioned
257,133,mentioned
257,238,mentioned
257,431,mentioned
258,8,mentioned
258,30,mentioned
258,133,mentioned
258,239,mentioned
259,8,mentioned
259,30,mentioned
259,133,mentioned
259,240,mentioned
259,600,mentioned
260,33,mentioned
260,100,mentioned
260,133,mentioned
260,135,mentioned
260,590,mentioned
261,100,mentioned
261,133,mentioned
261,241,mentioned
262,33,mentioned
262,94,mentioned
262,133,mentioned
262,135,mentioned
262,431,mentioned
262,590,mentioned
263,133,mentioned
263,242,mentioned
263,243,mentioned
263,554,mentioned
264,59,mentioned
264,131,mentioned
264,133,mentioned
264,244,mentioned
265,89,mentioned
265,131,mentioned
265,133,mentioned
265,245,mentioned
265,557,mentioned
265,579,mentioned
266,89,mentioned
266,131,mentioned
266,133,mentioned
266,246,mentioned
266,671,mentioned
267,133,mentioned
267,247,mentioned
268,5,mentioned
268,25,mentioned
268,71,mentioned
268,89,mentioned
268,95,mentioned
268,131,mentioned
268,133,mentioned
268,248,mentioned
268,594,mentioned
268,595,mentioned
269,2,mentioned
269,89,mentioned
269,133,mentioned
269,249,mentioned
269,250,mentioned
270,3,mentioned
270,133,mentioned
270,135,mentioned
270,251,mentioned
271,69,mentioned
271,71,mentioned
271,89,mentioned
271,133,mentioned
271,135,mentioned
271,252,mentioned
271,412,mentioned
272,133,mentioned
272,253,mentioned
272,412,mentioned
272,555,mentioned
273,89,mentioned
273,131,mentioned
273,133,mentioned
273,254,mentioned
273,669,mentioned
274,69,mentioned
274,89,mentioned
274,133,mentioned
274,135,mentioned
274,255,mentioned
275,12,mentioned
275,89,mentioned
275,133,mentioned
275,256,mentioned
275,412,mentioned
275,528,mentioned
275,654,mentioned
276,1,mentioned
276,89,mentioned
276,131,mentioned
276,133,mentioned
276,257,mentioned
276,552,mentioned
277,89,mentioned
277,133,mentioned
277,135,mentioned
277,258,mentioned
277,412,mentioned
278,133,mentioned
278,135,mentioned
278,259,mentioned
278,654,mentioned
279,89,mentioned
279,133,mentioned
279,260,mentioned
279,412,mentioned
279,590,mentioned
279,671,mentioned
280,133,mentioned
280,261,mentioned
280,581,mentioned
280,587,mentioned
281,133,mentioned
281,262,mentioned
281,581,mentioned
281,587,mentioned
282,89,mentioned
282,131,mentioned
282,133,mentioned
282,263,mentioned
282,412,mentioned
283,2,mentioned
283,89,mentioned
283,133,mentioned
283,264,mentioned
283,412,mentioned
284,4,mentioned
284,89,mentioned
284,133,mentioned
284,265,mentioned
284,496,mentioned
285,4,mentioned
285,133,mentioned
285,135,mentioned
285,266,mentioned
285,557,mentioned
285,658,mentioned
286,133,mentioned
286,135,mentioned
286,267,mentioned
286,496,mentioned
286,568,mentioned
287,133,mentioned
287,268,mentioned
287,654,mentioned
288,15,mentioned
288,133,mentioned
288,135,mentioned
288,577,mentioned
289,133,mentioned
289,135,mentioned
289,412,mentioned
290,133,mentioned
290,135,mentioned
291,133,mentioned
291,269,mentioned
291,431,mentioned
292,18,mentioned
292,133,mentioned
292,270,mentioned
292,431,mentioned
293,133,mentioned
293,135,mentioned
293,412,mentioned
293,519,mentioned
293,568,mentioned
294,61,mentioned
294,120,mentioned
294,133,mentioned
295,10,mentioned
295,71,mentioned
295,133,mentioned
295,135,mentioned
295,271,mentioned
295,412,mentioned
295,725,mentioned
296,9,mentioned
296,10,mentioned
296,71,mentioned
296,133,mentioned
296,657,mentioned
297,7,mentioned
297,18,mentioned
297,133,mentioned
297,412,mentioned
298,133,mentioned
298,481,mentioned
298,666,mentioned
299,12,mentioned
299,133,mentioned
300,133,mentioned
300,725,mentioned
301,133,mentioned
301,272,mentioned
301,575,mentioned
301,589,mentioned
302,59,mentioned
302,133,mentioned
302,273,mentioned
303,133,mentioned
303,274,mentioned
303,642,mentioned
304,133,mentioned
304,275,mentioned
305,133,mentioned
305,276,mentioned
306,8,mentioned
306,133,mentioned
306,277,mentioned
307,133,mentioned
307,278,mentioned
307,412,mentioned
308,133,mentioned
308,279,mentioned
308,583,mentioned
309,133,mentioned
309,280,mentioned
310,133,mentioned
310,281,mentioned
311,131,mentioned
311,133,mentioned
311,135,mentioned
311,282,mentioned
312,133,mentioned
312,283,mentioned
313,133,mentioned
313,284,mentioned
313,491,mentioned
314,133,mentioned
314,285,mentioned
314,667,mentioned
315,133,mentioned
315,286,mentioned
315,412,mentioned
316,61,mentioned
316,131,mentioned
316,133,mentioned
316,287,mentioned
316,639,mentioned
317,133,mentioned
317,412,mentioned
317,667,mentioned
318,412,mentioned
319,412,mentioned
320,412,mentioned
321,133,mentioned
321,135,mentioned
321,288,mentioned
321,667,mentioned
322,60,mentioned
322,89,mentioned
322,131,mentioned
322,133,mentioned
322,135,mentioned
322,289,mentioned
323,0,mentioned
323,594,mentioned
324,0,mentioned
324,71,mentioned
324,133,mentioned
324,594,mentioned
325,0,mentioned
325,131,mentioned
325,133,mentioned
325,135,mentioned
325,290,mentioned
326,0,mentioned
326,89,mentioned
326,133,mentioned
326,135,mentioned
327,0,mentioned
327,133,mentioned
327,291,mentioned
327,667,mentioned
328,0,mentioned
328,133,mentioned
328,292,mentioned
328,667,mentioned
329,60,mentioned
329,412,mentioned
329,587,mentioned
329,667,mentioned
330,60,mentioned
330,412,mentioned
330,587,mentioned
330,667,mentioned
331,0,mentioned
332,0,mentioned
333,412,mentioned
334,133,mentioned
334,412,mentioned
335,133,mentioned
335,412,mentioned
336,133,mentioned
336,135,mentioned
336,554,mentioned
337,412,mentioned
338,70,mentioned
338,131,mentioned
338,133,mentioned
338,293,mentioned
339,4,mentioned
339,133,mentioned
339,294,mentioned
339,672,mentioned
340,0,mentioned
340,133,mentioned
341,0,mentioned
341,133,mentioned
342,0,mentioned
342,133,mentioned
342,295,mentioned
343,0,mentioned
343,133,mentioned
343,296,mentioned
344,89,mentioned
344,133,mentioned
344,297,mentioned
345,5,mentioned
345,9,mentioned
345,133,mentioned
345,298,mentioned
345,412,mentioned
346,133,mentioned
346,135,mentioned
346,299,mentioned
346,412,mentioned
347,71,mentioned
347,133,mentioned
347,135,mentioned
347,300,mentioned
348,97,mentioned
348,133,mentioned
348,301,mentioned
348,668,mentioned
349,9,mentioned
349,58,mentioned
349,133,mentioned
349,135,mentioned
349,302,mentioned
350,58,mentioned
350,133,mentioned
350,303,mentioned
351,91,mentioned
351,133,mentioned
351,135,mentioned
351,587,mentioned
352,71,mentioned
352,97,mentioned
352,133,mentioned
352,668,mentioned
353,0,mentioned
353,9,mentioned
353,91,mentioned
353,133,mentioned
353,672,mentioned
354,71,mentioned
354,133,mentioned
354,304,mentioned
354,412,mentioned
354,725,mentioned
355,71,mentioned
355,133,mentioned
355,305,mentioned
355,412,mentioned
356,1,mentioned
356,133,mentioned
356,306,mentioned
356,412,mentioned
357,133,mentioned
357,307,mentioned
358,1,mentioned
358,7,mentioned
358,133,mentioned
358,308,mentioned
358,412,mentioned
359,7,mentioned
359,133,mentioned
359,309,mentioned
359,412,mentioned
360,1,mentioned
360,6,mentioned
360,133,mentioned
360,310,mentioned
360,412,mentioned
361,1,mentioned
361,6,mentioned
361,133,mentioned
361,311,mentioned
361,412,mentioned
361,587,mentioned
362,1,mentioned
362,133,mentioned
362,312,mentioned
363,0,mentioned
363,412,mentioned
363,587,mentioned
365,135,mentioned
366,133,mentioned
366,313,mentioned
366,557,mentioned
366,658,mentioned
367,0,mentioned
367,133,mentioned
367,314,mentioned
368,0,mentioned
368,133,mentioned
368,412,mentioned
368,587,mentioned
369,4,mentioned
369,412,mentioned
369,587,mentioned
370,0,mentioned
370,133,mentioned
370,412,mentioned
370,553,mentioned
370,587,mentioned
371,0,mentioned
371,9,mentioned
371,133,mentioned
371,412,mentioned
371,550,mentioned
371,553,mentioned
371,587,mentioned
372,0,mentioned
372,9,mentioned
372,133,mentioned
372,412,mentioned
372,587,mentioned
373,0,mentioned
373,9,mentioned
373,71,mentioned
373,133,mentioned
373,412,mentioned
373,587,mentioned
374,0,mentioned
374,133,mentioned
377,21,mentioned
378,655,mentioned
379,655,mentioned
380,654,mentioned
381,19,mentioned
381,133,mentioned
381,315,mentioned
382,0,mentioned
382,133,mentioned
382,316,mentioned
383,0,mentioned
383,133,mentioned
383,317,mentioned
384,0,mentioned
384,133,mentioned
384,412,mentioned
384,575,mentioned
385,88,mentioned
385,131,mentioned
385,575,mentioned
386,0,mentioned
387,0,mentioned
387,133,mentioned
387,318,mentioned
387,594,mentioned
387,654,mentioned
388,0,mentioned
388,12,mentioned
388,133,mentioned
388,319,mentioned
389,0,mentioned
389,12,mentioned
389,101,mentioned
389,133,mentioned
389,320,mentioned
390,12,mentioned
390,131,mentioned
390,412,mentioned
390,550,mentioned
390,587,mentioned
391,3,mentioned
391,412,mentioned
391,587,mentioned
392,133,mentioned
392,135,mentioned
392,321,mentioned
392,599,mentioned
393,5,mentioned
393,34,mentioned
393,133,mentioned
394,5,mentioned
394,133,mentioned
395,5,mentioned
395,133,mentioned
395,135,mentioned
396,102,mentioned
396,133,mentioned
397,102,mentioned
397,133,mentioned
398,39,mentioned
398,131,mentioned
398,133,mentioned
399,39,mentioned
399,133,mentioned
400,103,mentioned
400,133,mentioned
401,103,mentioned
401,133,mentioned
402,66,mentioned
402,131,mentioned
402,133,mentioned
402,553,mentioned
403,66,mentioned
403,131,mentioned
403,133,mentioned
404,104,mentioned
404,131,mentioned
404,133,mentioned
405,104,mentioned
405,133,mentioned
406,72,mentioned
406,131,mentioned
406,133,mentioned
407,72,mentioned
407,133,mentioned
408,73,mentioned
408,131,mentioned
408,133,mentioned
409,8,mentioned
409,73,mentioned
409,133,mentioned
410,61,mentioned
410,74,mentioned
410,131,mentioned
410,133,mentioned
411,61,mentioned
411,74,mentioned
411,133,mentioned
412,105,mentioned
412,131,mentioned
412,133,mentioned
412,552,mentioned
413,51,mentioned
413,131,mentioned
413,133,mentioned
414,51,mentioned
414,133,mentioned
415,51,mentioned
415,133,mentioned
416,44,mentioned
416,133,mentioned
417,44,mentioned
417,133,mentioned
418,14,mentioned
418,133,mentioned
418,429,mentioned
419,14,mentioned
419,131,mentioned
419,133,mentioned
420,27,mentioned
420,41,mentioned
420,133,mentioned
420,135,mentioned
421,41,mentioned
421,133,mentioned
422,75,mentioned
422,133,mentioned
423,75,mentioned
423,133,mentioned
424,45,mentioned
424,133,mentioned
424,412,mentioned
425,45,mentioned
425,133,mentioned
425,412,mentioned
426,46,mentioned
426,133,mentioned
427,4,mentioned
427,46,mentioned
427,133,mentioned
428,10,mentioned
428,42,mentioned
428,133,mentioned
428,657,mentioned
429,10,mentioned
429,42,mentioned
429,133,mentioned
430,17,mentioned
430,62,mentioned
430,133,mentioned
431,17,mentioned
431,62,mentioned
431,133,mentioned
432,15,mentioned
432,133,mentioned
433,15,mentioned
433,91,mentioned
433,133,mentioned
433,510,mentioned
433,668,mentioned
434,10,mentioned
434,31,mentioned
434,133,mentioned
434,668,mentioned
435,31,mentioned
435,133,mentioned
436,11,mentioned
436,133,mentioned
437,11,mentioned
437,57,mentioned
437,133,mentioned
438,11,mentioned
438,133,mentioned
438,552,mentioned
439,60,mentioned
439,133,mentioned
440,12,mentioned
440,60,mentioned
440,133,mentioned
441,6,mentioned
441,60,mentioned
441,106,mentioned
441,133,mentioned
441,322,mentioned
442,23,mentioned
442,133,mentioned
442,323,mentioned
443,43,mentioned
443,133,mentioned
444,43,mentioned
444,133,mentioned
445,131,mentioned
445,133,mentioned
445,324,mentioned
445,431,mentioned
445,556,mentioned
446,75,mentioned
446,107,mentioned
446,133,mentioned
447,75,mentioned
447,107,mentioned
447,133,mentioned
448,133,mentioned
448,325,mentioned
449,108,mentioned
449,133,mentioned
450,109,mentioned
450,133,mentioned
451,133,mentioned
451,326,mentioned
452,5,mentioned
452,133,mentioned
452,327,mentioned
452,481,mentioned
453,35,mentioned
453,53,mentioned
453,133,mentioned
453,412,mentioned
454,130,mentioned
454,133,mentioned
454,328,mentioned
454,631,mentioned
455,412,mentioned
455,619,mentioned
456,91,mentioned
456,133,mentioned
456,329,mentioned
456,551,mentioned
456,633,mentioned
457,133,mentioned
457,412,mentioned
457,478,mentioned
457,599,mentioned
458,1,mentioned
458,3,mentioned
458,23,mentioned
458,133,mentioned
458,323,mentioned
458,330,mentioned
458,632,mentioned
459,133,mentioned
459,331,mentioned
459,412,mentioned
459,557,mentioned
459,629,mentioned
459,658,mentioned
460,133,mentioned
460,332,mentioned
460,630,mentioned
461,133,mentioned
461,333,mentioned
462,133,mentioned
462,334,mentioned
462,599,mentioned
463,23,mentioned
463,133,mentioned
463,335,mentioned
463,636,mentioned
464,22,mentioned
464,133,mentioned
464,336,mentioned
464,456,mentioned
465,110,mentioned
465,133,mentioned
465,337,mentioned
466,3,mentioned
466,27,mentioned
466,36,mentioned
466,133,mentioned
466,338,mentioned
467,33,mentioned
467,39,mentioned
467,133,mentioned
467,339,mentioned
467,467,mentioned
467,590,mentioned
468,133,mentioned
468,340,mentioned
469,133,mentioned
469,341,mentioned
469,619,mentioned
469,657,mentioned
470,22,mentioned
470,28,mentioned
470,133,mentioned
470,342,mentioned
471,133,mentioned
471,135,mentioned
472,133,mentioned
472,135,mentioned
472,412,mentioned
472,519,mentioned
473,15,mentioned
473,22,mentioned
473,133,mentioned
473,135,mentioned
474,133,mentioned
474,135,mentioned
474,638,mentioned
475,133,mentioned
475,135,mentioned
475,343,mentioned
476,131,mentioned
476,133,mentioned
476,135,mentioned
476,412,mentioned
477,131,mentioned
477,133,mentioned
477,135,mentioned
478,133,mentioned
478,135,mentioned
478,344,mentioned
479,133,mentioned
479,135,mentioned
480,133,mentioned
480,135,mentioned
480,669,mentioned
481,133,mentioned
481,135,mentioned
482,133,mentioned
482,135,mentioned
482,412,mentioned
482,599,mentioned
483,10,mentioned
483,71,mentioned
483,133,mentioned
483,135,mentioned
483,554,mentioned
483,639,mentioned
484,133,mentioned
484,135,mentioned
485,133,mentioned
485,135,mentioned
485,345,mentioned
486,133,mentioned
486,135,mentioned
486,431,mentioned
486,638,mentioned
487,133,mentioned
487,135,mentioned
487,412,mentioned
487,594,mentioned
488,32,mentioned
488,133,mentioned
488,135,mentioned
489,133,mentioned
489,135,mentioned
489,412,mentioned
489,559,mentioned
490,9,mentioned
490,133,mentioned
490,346,mentioned
491,0,mentioned
491,9,mentioned
491,133,mentioned
491,347,mentioned
492,9,mentioned
492,133,mentioned
492,348,mentioned
493,6,mentioned
493,9,mentioned
493,22,mentioned
493,133,mentioned
493,349,mentioned
493,619,mentioned
494,7,mentioned
494,9,mentioned
494,133,mentioned
494,135,mentioned
495,67,mentioned
495,133,mentioned
495,350,mentioned
496,133,mentioned
496,351,mentioned
497,131,mentioned
497,133,mentioned
497,352,mentioned
497,599,mentioned
498,5,mentioned
498,133,mentioned
498,526,mentioned
498,671,mentioned
499,91,mentioned
499,133,mentioned
499,135,mentioned
499,353,mentioned
499,412,mentioned
499,655,mentioned
500,133,mentioned
500,354,mentioned
501,133,mentioned
501,135,mentioned
501,355,mentioned
502,133,mentioned
502,356,mentioned
503,91,mentioned
503,133,mentioned
503,135,mentioned
503,357,mentioned
504,133,mentioned
504,358,mentioned
505,76,mentioned
505,133,mentioned
505,359,mentioned
505,654,mentioned
506,4,mentioned
506,76,mentioned
506,133,mentioned
506,531,mentioned
506,557,mentioned
506,658,mentioned
506,668,mentioned
507,111,mentioned
507,133,mentioned
507,360,mentioned
507,655,mentioned
508,5,mentioned
508,34,mentioned
508,133,mentioned
508,135,mentioned
509,133,mentioned
509,361,mentioned
509,529,mentioned
509,668,mentioned
510,133,mentioned
510,135,mentioned
510,362,mentioned
510,465,mentioned
511,64,mentioned
511,112,mentioned
511,133,mentioned
511,363,mentioned
511,412,mentioned
511,548,mentioned
512,65,mentioned
512,113,mentioned
512,133,mentioned
512,364,mentioned
512,654,mentioned
513,5,mentioned
513,93,mentioned
513,133,mentioned
513,365,mentioned
513,412,mentioned
514,133,mentioned
514,366,mentioned
514,535,mentioned
514,672,mentioned
515,133,mentioned
515,367,mentioned
516,133,mentioned
516,368,mentioned
516,639,mentioned
517,71,mentioned
517,133,mentioned
517,135,mentioned
517,369,mentioned
517,412,mentioned
517,725,mentioned
518,1,mentioned
518,71,mentioned
518,133,mentioned
518,370,mentioned
518,412,mentioned
519,6,mentioned
519,12,mentioned
519,18,mentioned
519,133,mentioned
519,135,mentioned
520,89,mentioned
520,133,mentioned
520,135,mentioned
520,371,mentioned
520,412,mentioned
520,654,mentioned
521,52,mentioned
521,133,mentioned
522,133,mentioned
522,668,mentioned
523,133,mentioned
523,372,mentioned
523,412,mentioned
523,668,mentioned
524,71,mentioned
524,133,mentioned
524,135,mentioned
524,373,mentioned
525,97,mentioned
525,133,mentioned
525,557,mentioned
525,658,mentioned
526,9,mentioned
526,133,mentioned
526,135,mentioned
526,374,mentioned
527,58,mentioned
527,133,mentioned
527,135,mentioned
527,375,mentioned
528,50,mentioned
528,133,mentioned
528,135,mentioned
528,376,mentioned
529,4,mentioned
529,133,mentioned
529,135,mentioned
529,377,mentioned
529,587,mentioned
530,6,mentioned
530,59,mentioned
530,133,mentioned
530,135,mentioned
530,378,mentioned
531,20,mentioned
531,26,mentioned
531,91,mentioned
531,133,mentioned
532,20,mentioned
532,26,mentioned
532,91,mentioned
532,133,mentioned
532,379,mentioned
533,2,mentioned
533,45,mentioned
533,133,mentioned
533,380,mentioned
533,412,mentioned
533,528,mentioned
534,133,mentioned
534,381,mentioned
535,54,mentioned
535,133,mentioned
535,382,mentioned
536,80,mentioned
536,133,mentioned
537,49,mentioned
537,133,mentioned
538,52,mentioned
538,89,mentioned
538,133,mentioned
539,2,mentioned
539,24,mentioned
539,133,mentioned
540,133,mentioned
540,383,mentioned
541,133,mentioned
541,384,mentioned
542,133,mentioned
542,385,mentioned
543,37,mentioned
543,133,mentioned
543,550,mentioned
544,37,mentioned
544,133,mentioned
545,114,mentioned
545,133,mentioned
546,114,mentioned
546,133,mentioned
546,590,mentioned
547,133,mentioned
547,386,mentioned
548,54,mentioned
548,133,mentioned
548,382,mentioned
549,49,mentioned
549,133,mentioned
550,2,mentioned
550,24,mentioned
550,133,mentioned
550,655,mentioned
551,52,mentioned
551,89,mentioned
551,133,mentioned
552,52,mentioned
552,89,mentioned
552,133,mentioned
552,554,mentioned
553,45,mentioned
553,49,mentioned
553,133,mentioned
553,387,mentioned
553,412,mentioned
554,133,mentioned
554,388,mentioned
555,131,mentioned
555,133,mentioned
555,389,mentioned
556,133,mentioned
556,390,mentioned
557,89,mentioned
557,133,mentioned
557,391,mentioned
557,412,mentioned
558,2,mentioned
558,133,mentioned
558,392,mentioned
559,133,mentioned
559,393,mentioned
559,556,mentioned
560,133,mentioned
560,394,mentioned
561,133,mentioned
561,395,mentioned
562,133,mentioned
562,396,mentioned
563,21,mentioned
563,133,mentioned
563,397,mentioned
564,115,mentioned
564,133,mentioned
564,398,mentioned
565,115,mentioned
565,133,mentioned
565,398,mentioned
566,133,mentioned
566,398,mentioned
567,133,mentioned
567,399,mentioned
568,133,mentioned
568,400,mentioned
568,412,mentioned
569,133,mentioned
569,401,mentioned
569,553,mentioned
570,61,mentioned
570,133,mentioned
570,402,mentioned
571,133,mentioned
571,403,mentioned
572,133,mentioned
572,404,mentioned
572,553,mentioned
573,61,mentioned
573,131,mentioned
573,133,mentioned
573,405,mentioned
574,89,mentioned
574,133,mentioned
574,406,mentioned
575,133,mentioned
575,407,mentioned
576,133,mentioned
576,408,mentioned
577,61,mentioned
577,133,mentioned
577,409,mentioned
578,133,mentioned
578,410,mentioned
578,561,mentioned
579,61,mentioned
579,133,mentioned
579,411,mentioned
580,45,mentioned
580,133,mentioned
580,412,mentioned
581,133,mentioned
581,413,mentioned
582,21,mentioned
582,133,mentioned
582,414,mentioned
583,2,mentioned
583,133,mentioned
583,415,mentioned
583,548,mentioned
584,61,mentioned
584,133,mentioned
584,416,mentioned
585,133,mentioned
585,417,mentioned
586,133,mentioned
586,418,mentioned
587,61,mentioned
587,84,mentioned
587,133,mentioned
587,419,mentioned
588,133,mentioned
588,420,mentioned
589,38,mentioned
589,133,mentioned
589,421,mentioned
589,553,mentioned
590,2,mentioned
590,133,mentioned
590,422,mentioned
591,133,mentioned
591,422,mentioned
591,423,mentioned
592,2,mentioned
592,133,mentioned
592,424,mentioned
592,548,mentioned
593,133,mentioned
593,425,mentioned
593,582,mentioned
594,79,mentioned
594,133,mentioned
594,135,mentioned
595,133,mentioned
595,426,mentioned
596,53,mentioned
596,133,mentioned
596,412,mentioned
596,427,mentioned
597,133,mentioned
597,428,mentioned
597,595,mentioned
598,72,mentioned
598,133,mentioned
599,133,mentioned
599,135,mentioned
599,429,mentioned
600,133,mentioned
600,430,mentioned
601,133,mentioned
601,431,mentioned
602,71,mentioned
602,131,mentioned
602,133,mentioned
602,432,mentioned
603,2,mentioned
603,133,mentioned
603,433,mentioned
604,133,mentioned
604,434,mentioned
605,29,mentioned
605,133,mentioned
606,2,mentioned
606,6,mentioned
606,133,mentioned
607,82,mentioned
607,133,mentioned
608,2,mentioned
608,81,mentioned
608,133,mentioned
609,133,mentioned
609,435,mentioned
610,133,mentioned
610,436,mentioned
611,133,mentioned
611,135,mentioned
611,437,mentioned
612,133,mentioned
612,438,mentioned
612,725,mentioned
613,61,mentioned
613,133,mentioned
613,439,mentioned
614,133,mentioned
614,440,mentioned
615,16,mentioned
615,77,mentioned
615,133,mentioned
616,75,mentioned
616,133,mentioned
616,441,mentioned
616,556,mentioned
617,116,mentioned
617,131,mentioned
617,133,mentioned
617,442,mentioned
618,133,mentioned
618,443,mentioned
618,553,mentioned
619,88,mentioned
619,131,mentioned
619,133,mentioned
620,78,mentioned
620,133,mentioned
621,55,mentioned
621,133,mentioned
622,133,mentioned
622,444,mentioned
623,19,mentioned
623,133,mentioned
623,445,mentioned
623,574,mentioned
624,35,mentioned
624,133,mentioned
625,133,mentioned
625,446,mentioned
626,112,mentioned
626,133,mentioned
626,667,mentioned
627,113,mentioned
627,133,mentioned
628,133,mentioned
628,447,mentioned
629,133,mentioned
629,448,mentioned
630,133,mentioned
630,449,mentioned
631,133,mentioned
631,450,mentioned
632,133,mentioned
632,451,mentioned
633,133,mentioned
633,452,mentioned
634,133,mentioned
634,453,mentioned
635,133,mentioned
635,454,mentioned
636,133,mentioned
636,455,mentioned
637,133,mentioned
637,456,mentioned
638,133,mentioned
638,457,mentioned
639,133,mentioned
639,458,mentioned
640,59,mentioned
640,133,mentioned
640,459,mentioned
641,133,mentioned
641,460,mentioned
642,133,mentioned
642,431,mentioned
642,461,mentioned
643,133,mentioned
643,462,mentioned
644,133,mentioned
644,463,mentioned
645,133,mentioned
645,464,mentioned
646,89,mentioned
646,133,mentioned
646,465,mentioned
647,87,mentioned
647,133,mentioned
647,638,mentioned
648,3,mentioned
648,133,mentioned
648,466,mentioned
649,131,mentioned
649,133,mentioned
649,467,mentioned
650,133,mentioned
650,468,mentioned
651,133,mentioned
651,469,mentioned
652,133,mentioned
652,470,mentioned
653,133,mentioned
653,471,mentioned
654,133,mentioned
654,472,mentioned
655,133,mentioned
655,473,mentioned
656,3,mentioned
656,47,mentioned
656,133,mentioned
657,3,mentioned
657,36,mentioned
657,133,mentioned
657,474,mentioned
658,133,mentioned
658,475,mentioned
658,476,mentioned
659,48,mentioned
659,63,mentioned
659,133,mentioned
660,133,mentioned
660,477,mentioned
660,668,mentioned
661,133,mentioned
661,478,mentioned
662,3,mentioned
662,92,mentioned
662,133,mentioned
662,135,mentioned
662,479,mentioned
662,499,mentioned
663,133,mentioned
663,480,mentioned
664,108,mentioned
664,133,mentioned
665,109,mentioned
665,133,mentioned
666,91,mentioned
666,133,mentioned
666,481,mentioned
667,133,mentioned
667,482,mentioned
668,133,mentioned
668,483,mentioned
669,133,mentioned
669,484,mentioned
670,133,mentioned
670,485,mentioned
670,559,mentioned
671,7,mentioned
671,133,mentioned
671,486,mentioned
672,133,mentioned
672,487,mentioned
673,120,mentioned
673,133,mentioned
673,488,mentioned
674,133,mentioned
674,489,mentioned
675,2,mentioned
675,56,mentioned
675,57,mentioned
675,133,mentioned
676,44,mentioned
676,133,mentioned
677,8,mentioned
677,133,mentioned
677,490,mentioned
678,133,mentioned
678,491,mentioned
679,11,mentioned
679,133,mentioned
680,16,mentioned
680,77,mentioned
680,133,mentioned
681,133,mentioned
681,492,mentioned
682,2,mentioned
682,14,mentioned
682,133,mentioned
683,2,mentioned
683,14,mentioned
683,131,mentioned
683,133,mentioned
684,2,mentioned
684,27,mentioned
684,41,mentioned
684,133,mentioned
684,135,mentioned
685,117,mentioned
685,133,mentioned
686,43,mentioned
686,133,mentioned
686,493,mentioned
687,75,mentioned
687,133,mentioned
688,2,mentioned
688,133,mentioned
688,494,mentioned
688,495,mentioned
689,133,mentioned
689,496,mentioned
690,10,mentioned
690,42,mentioned
690,133,mentioned
691,32,mentioned
691,118,mentioned
691,131,mentioned
691,133,mentioned
691,497,mentioned
691,556,mentioned
692,117,mentioned
692,133,mentioned
693,51,mentioned
693,131,mentioned
693,133,mentioned
694,133,mentioned
694,498,mentioned
695,133,mentioned
695,135,mentioned
695,499,mentioned
696,59,mentioned
696,133,mentioned
696,500,mentioned
697,24,mentioned
697,119,mentioned
697,133,mentioned
697,557,mentioned
698,7,mentioned
698,133,mentioned
698,501,mentioned
699,91,mentioned
699,133,mentioned
699,135,mentioned
699,502,mentioned
700,133,mentioned
700,503,mentioned
701,61,mentioned
701,133,mentioned
701,504,mentioned
701,659,mentioned
702,133,mentioned
702,505,mentioned
703,133,mentioned
703,506,mentioned
703,563,mentioned
704,133,mentioned
704,507,mentioned
705,133,mentioned
705,508,mentioned
706,133,mentioned
706,509,mentioned
706,556,mentioned
707,133,mentioned
707,510,mentioned
708,133,mentioned
708,511,mentioned
709,91,mentioned
709,133,mentioned
709,512,mentioned
710,15,mentioned
710,91,mentioned
710,133,mentioned
711,31,mentioned
711,133,mentioned
712,133,mentioned
712,513,mentioned
713,98,mentioned
713,133,mentioned
714,99,mentioned
714,133,mentioned
715,133,mentioned
715,514,mentioned
716,61,mentioned
716,74,mentioned
716,131,mentioned
716,133,mentioned
717,105,mentioned
717,131,mentioned
717,133,mentioned
718,73,mentioned
718,131,mentioned
718,133,mentioned
719,19,mentioned
719,119,mentioned
719,120,mentioned
719,133,mentioned
719,557,mentioned
720,46,mentioned
720,133,mentioned
721,45,mentioned
721,133,mentioned
721,412,mentioned
722,133,mentioned
722,412,mentioned
722,515,mentioned
723,51,mentioned
723,133,mentioned
723,516,mentioned
724,131,mentioned
724,133,mentioned
724,517,mentioned
725,133,mentioned
725,518,mentioned
726,133,mentioned
726,519,mentioned
727,133,mentioned
727,520,mentioned
728,133,mentioned
728,521,mentioned
729,133,mentioned
729,522,mentioned
730,133,mentioned
730,523,mentioned
731,67,mentioned
731,133,mentioned
731,524,mentioned
732,133,mentioned
732,525,mentioned
733,133,mentioned
733,526,mentioned
734,45,mentioned
734,133,mentioned
734,412,mentioned
734,527,mentioned
734,528,mentioned
735,133,mentioned
735,529,mentioned
736,89,mentioned
736,111,mentioned
736,133,mentioned
736,530,mentioned
737,5,mentioned
737,34,mentioned
737,133,mentioned
738,133,mentioned
738,531,mentioned
738,638,mentioned
739,76,mentioned
739,133,mentioned
739,532,mentioned
740,133,mentioned
740,533,mentioned
741,28,mentioned
741,133,mentioned
741,534,mentioned
742,133,mentioned
742,535,mentioned
743,61,mentioned
743,133,mentioned
744,7,mentioned
744,64,mentioned
744,133,mentioned
745,65,mentioned
745,133,mentioned
746,93,mentioned
746,133,mentioned
747,43,mentioned
747,133,mentioned
747,536,mentioned
748,133,mentioned
748,537,mentioned
749,133,mentioned
749,538,mentioned
750,133,mentioned
750,539,mentioned
751,131,mentioned
751,133,mentioned
751,540,mentioned
752,133,mentioned
752,541,mentioned
753,133,mentioned
753,542,mentioned
754,7,mentioned
754,133,mentioned
754,543,mentioned
755,91,mentioned
755,131,mentioned
755,133,mentioned
755,135,mentioned
755,544,mentioned
756,133,mentioned
756,545,mentioned
757,19,mentioned
757,133,mentioned
757,669,mentioned
758,70,mentioned
758,133,mentioned
758,669,mentioned
759,101,mentioned
759,133,mentioned
760,7,mentioned
760,133,mentioned
761,12,mentioned
761,133,mentioned
762,25,mentioned
762,133,mentioned
763,133,mentioned
763,546,mentioned
764,21,mentioned
764,133,mentioned
765,133,mentioned
765,547,mentioned
766,16,mentioned
766,133,mentioned
766,554,mentioned
767,133,mentioned
767,548,mentioned
768,133,mentioned
768,549,mentioned
769,133,mentioned
769,550,mentioned
770,58,mentioned
770,133,mentioned
770,551,mentioned
771,85,mentioned
771,133,mentioned
771,552,mentioned
772,133,mentioned
772,553,mentioned
773,133,mentioned
773,554,mentioned
774,133,mentioned
774,555,mentioned
775,133,mentioned
775,556,mentioned
776,120,mentioned
776,133,mentioned
776,557,mentioned
777,133,mentioned
777,558,mentioned
778,133,mentioned
778,559,mentioned
779,133,mentioned
779,560,mentioned
780,131,mentioned
780,133,mentioned
780,561,mentioned
781,133,mentioned
781,562,mentioned
782,133,mentioned
782,563,mentioned
783,133,mentioned
783,564,mentioned
783,654,mentioned
784,133,mentioned
784,565,mentioned
785,6,mentioned
785,133,mentioned
785,555,mentioned
785,566,mentioned
786,133,mentioned
786,556,mentioned
786,567,mentioned
787,6,mentioned
787,133,mentioned
787,568,mentioned
788,133,mentioned
788,569,mentioned
789,133,mentioned
789,570,mentioned
790,133,mentioned
790,571,mentioned
791,6,mentioned
791,133,mentioned
791,572,mentioned
792,4,mentioned
792,133,mentioned
792,573,mentioned
793,133,mentioned
793,574,mentioned
794,133,mentioned
794,575,mentioned
795,133,mentioned
795,576,mentioned
796,59,mentioned
796,133,mentioned
797,57,mentioned
797,133,mentioned
798,133,mentioned
798,577,mentioned
799,71,mentioned
799,133,mentioned
800,97,mentioned
800,133,mentioned
800,554,mentioned
801,58,mentioned
801,133,mentioned
801,551,mentioned
802,9,mentioned
802,133,mentioned
803,120,mentioned
803,133,mentioned
803,557,mentioned
804,6,mentioned
804,106,mentioned
804,133,mentioned
805,133,mentioned
805,578,mentioned
806,133,mentioned
806,579,mentioned
807,133,mentioned
807,580,mentioned
808,4,mentioned
808,91,mentioned
808,133,mentioned
808,581,mentioned
809,91,mentioned
809,133,mentioned
810,133,mentioned
810,582,mentioned
811,131,mentioned
811,133,mentioned
811,583,mentioned
812,133,mentioned
812,584,mentioned
813,133,mentioned
813,548,mentioned
813,585,mentioned
814,133,mentioned
814,586,mentioned
815,133,mentioned
815,587,mentioned
816,133,mentioned
816,588,mentioned
817,4,mentioned
817,133,mentioned
817,589,mentioned
818,133,mentioned
818,590,mentioned
819,133,mentioned
819,591,mentioned
820,133,mentioned
820,592,mentioned
820,671,mentioned
821,133,mentioned
821,593,mentioned
822,133,mentioned
822,594,mentioned
823,133,mentioned
823,595,mentioned
824,133,mentioned
824,596,mentioned
825,133,mentioned
825,597,mentioned
826,133,mentioned
826,598,mentioned
826,671,mentioned
827,133,mentioned
827,599,mentioned
828,133,mentioned
828,600,mentioned
829,133,mentioned
829,601,mentioned
830,133,mentioned
830,602,mentioned
831,91,mentioned
831,133,mentioned
831,412,mentioned
831,603,mentioned
832,7,mentioned
832,133,mentioned
832,604,mentioned
833,133,mentioned
833,605,mentioned
834,133,mentioned
834,606,mentioned
835,133,mentioned
835,607,mentioned
835,654,mentioned
836,133,mentioned
836,608,mentioned
837,133,mentioned
837,609,mentioned
838,133,mentioned
838,610,mentioned
839,133,mentioned
839,611,mentioned
840,133,mentioned
840,612,mentioned
841,133,mentioned
841,613,mentioned
842,133,mentioned
842,614,mentioned
843,7,mentioned
843,133,mentioned
843,615,mentioned
844,133,mentioned
844,616,mentioned
845,133,mentioned
845,617,mentioned
846,133,mentioned
846,618,mentioned
847,133,mentioned
847,619,mentioned
848,133,mentioned
848,620,mentioned
849,133,mentioned
849,621,mentioned
850,133,mentioned
850,622,mentioned
851,133,mentioned
851,623,mentioned
852,91,mentioned
852,133,mentioned
852,624,mentioned
853,133,mentioned
853,625,mentioned
854,133,mentioned
854,626,mentioned
855,133,mentioned
855,594,mentioned
855,627,mentioned
856,133,mentioned
856,628,mentioned
857,133,mentioned
857,629,mentioned
858,133,mentioned
858,630,mentioned
859,22,mentioned
859,133,mentioned
860,133,mentioned
860,631,mentioned
861,133,mentioned
861,632,mentioned
862,91,mentioned
862,133,mentioned
862,633,mentioned
863,133,mentioned
863,634,mentioned
864,48,mentioned
864,133,mentioned
864,635,mentioned
865,3,mentioned
865,133,mentioned
865,636,mentioned
866,133,mentioned
866,637,mentioned
867,133,mentioned
867,638,mentioned
868,131,mentioned
868,133,mentioned
868,639,mentioned
869,133,mentioned
869,135,mentioned
869,640,mentioned
870,133,mentioned
870,641,mentioned
871,133,mentioned
871,642,mentioned
872,133,mentioned
872,556,mentioned
872,643,mentioned
873,133,mentioned
873,644,mentioned
874,133,mentioned
874,645,mentioned
875,133,mentioned
875,553,mentioned
875,646,mentioned
876,133,mentioned
876,647,mentioned
877,133,mentioned
877,562,mentioned
877,593,mentioned
877,648,mentioned
878,133,mentioned
878,649,mentioned
879,116,mentioned
879,131,mentioned
879,133,mentioned
879,650,mentioned
880,133,mentioned
880,651,mentioned
881,91,mentioned
881,133,mentioned
881,652,mentioned
882,133,mentioned
882,653,mentioned
883,131,mentioned
883,133,mentioned
883,654,mentioned
884,133,mentioned
884,655,mentioned
885,133,mentioned
885,599,mentioned
885,656,mentioned
886,133,mentioned
886,657,mentioned
887,133,mentioned
887,557,mentioned
887,658,mentioned
888,133,mentioned
888,659,mentioned
889,133,mentioned
889,660,mentioned
890,133,mentioned
890,661,mentioned
891,133,mentioned
891,662,mentioned
892,133,mentioned
892,663,mentioned
892,671,mentioned
893,133,mentioned
893,664,mentioned
894,133,mentioned
894,665,mentioned
895,133,mentioned
895,666,mentioned
896,70,mentioned
896,133,mentioned
896,667,mentioned
897,133,mentioned
897,667,mentioned
898,68,mentioned
898,133,mentioned
898,668,mentioned
899,133,mentioned
899,669,mentioned
900,131,mentioned
900,133,mentioned
900,670,mentioned
901,133,mentioned
901,671,mentioned
902,133,mentioned
902,672,mentioned
903,133,mentioned
903,673,mentioned
904,133,mentioned
904,674,mentioned
905,133,mentioned
905,675,mentioned
906,133,mentioned
906,676,mentioned
907,133,mentioned
907,677,mentioned
908,0,mentioned
908,9,mentioned
908,133,mentioned
908,135,mentioned
908,678,mentioned
909,9,mentioned
909,133,mentioned
909,568,mentioned
910,23,mentioned
910,133,mentioned
910,135,mentioned
910,575,mentioned
910,619,mentioned
910,679,mentioned
911,133,mentioned
911,135,mentioned
911,595,mentioned
912,133,mentioned
912,412,mentioned
912,595,mentioned
912,680,mentioned
913,91,mentioned
913,133,mentioned
913,594,mentioned
913,595,mentioned
914,0,mentioned
914,412,mentioned
915,133,mentioned
915,135,mentioned
916,133,mentioned
916,681,mentioned
917,6,mentioned
917,8,mentioned
917,133,mentioned
917,682,mentioned
918,91,mentioned
918,133,mentioned
918,675,mentioned
918,683,mentioned
918,684,mentioned
919,91,mentioned
919,133,mentioned
919,685,mentioned
919,686,mentioned
920,77,mentioned
920,133,mentioned
920,654,mentioned
920,687,mentioned
921,11,mentioned
921,91,mentioned
921,133,mentioned
921,412,mentioned
921,688,mentioned
922,11,mentioned
922,133,mentioned
922,689,mentioned
922,690,mentioned
923,91,mentioned
923,131,mentioned
923,133,mentioned
923,691,mentioned
923,692,mentioned
924,131,mentioned
924,133,mentioned
924,693,mentioned
924,694,mentioned
925,133,mentioned
925,455,mentioned
925,695,mentioned
925,696,mentioned
925,697,mentioned
926,133,mentioned
926,698,mentioned
926,699,mentioned
926,700,mentioned
926,701,mentioned
927,27,mentioned
927,40,mentioned
927,133,mentioned
927,702,mentioned
927,703,mentioned
928,68,mentioned
928,96,mentioned
928,118,mentioned
928,133,mentioned
928,704,mentioned
928,705,mentioned
929,22,mentioned
929,110,mentioned
929,133,mentioned
929,619,mentioned
929,706,mentioned
929,707,mentioned
930,20,mentioned
930,26,mentioned
930,133,mentioned
930,708,mentioned
930,709,mentioned
931,1,mentioned
931,50,mentioned
931,133,mentioned
931,710,mentioned
932,4,mentioned
932,6,mentioned
932,121,mentioned
932,133,mentioned
932,711,mentioned
933,133,mentioned
934,133,mentioned
934,412,mentioned
935,133,mentioned
936,133,mentioned
936,412,mentioned
937,133,mentioned
938,133,mentioned
939,133,mentioned
939,135,mentioned
940,121,mentioned
940,133,mentioned
940,712,mentioned
941,133,mentioned
941,412,mentioned
942,133,mentioned
943,133,mentioned
943,412,mentioned
944,133,mentioned
945,133,mentioned
945,135,mentioned
946,133,mentioned
946,713,mentioned
947,133,mentioned
947,412,mentioned
947,599,mentioned
947,656,mentioned
948,20,mentioned
948,26,mentioned
948,91,mentioned
948,133,mentioned
948,412,mentioned
948,714,mentioned
949,20,mentioned
949,26,mentioned
949,91,mentioned
949,133,mentioned
949,135,mentioned
949,412,mentioned
949,715,mentioned
950,71,mentioned
950,83,mentioned
950,133,mentioned
950,135,mentioned
950,716,mentioned
951,71,mentioned
951,133,mentioned
951,135,mentioned
951,717,mentioned
952,9,mentioned
952,133,mentioned
952,135,mentioned
952,548,mentioned
952,718,mentioned
953,9,mentioned
953,133,mentioned
953,135,mentioned
953,557,mentioned
953,658,mentioned
953,719,mentioned
954,9,mentioned
954,58,mentioned
954,133,mentioned
954,412,mentioned
954,720,mentioned
955,1,mentioned
955,97,mentioned
955,133,mentioned
955,668,mentioned
956,91,mentioned
956,133,mentioned
956,489,mentioned
956,668,mentioned
956,721,mentioned
957,131,mentioned
957,133,mentioned
957,134,mentioned
957,411,mentioned
957,587,mentioned
957,668,mentioned
957,722,mentioned
958,133,mentioned
958,582,mentioned
958,668,mentioned
958,723,mentioned
959,9,mentioned
959,133,mentioned
959,668,mentioned
959,724,mentioned
960,71,mentioned
960,97,mentioned
960,133,mentioned
960,412,mentioned
961,58,mentioned
961,71,mentioned
961,133,mentioned
962,71,mentioned
962,91,mentioned
962,133,mentioned
962,135,mentioned
962,671,mentioned
963,58,mentioned
963,106,mentioned
963,133,mentioned
964,133,mentioned
964,638,mentioned
965,89,mentioned
965,133,mentioned
965,587,mentioned
965,725,mentioned
966,133,mentioned
966,412,mentioned
966,726,mentioned
967,13,mentioned
967,35,mentioned
967,133,mentioned
968,13,mentioned
968,17,mentioned
968,91,mentioned
968,133,mentioned
969,13,mentioned
969,71,mentioned
969,133,mentioned
970,3,mentioned
970,13,mentioned
970,133,mentioned
970,587,mentioned
971,13,mentioned
971,97,mentioned
971,133,mentioned
972,13,mentioned
972,133,mentioned
973,13,mentioned
973,133,mentioned
973,668,mentioned
974,13,mentioned
974,133,mentioned
974,464,mentioned
975,13,mentioned
975,133,mentioned
976,13,mentioned
976,131,mentioned
976,133,mentioned
977,133,mentioned
977,135,mentioned
978,133,mentioned
978,135,mentioned
978,412,mentioned
979,8,mentioned
979,22,mentioned
979,133,mentioned
979,135,mentioned
979,590,mentioned
980,133,mentioned
980,135,mentioned
981,133,mentioned
981,135,mentioned
981,639,mentioned
981,727,mentioned
982,133,mentioned
982,135,mentioned
982,599,mentioned
983,133,mentioned
983,135,mentioned
984,133,mentioned
984,135,mentioned
985,133,mentioned
985,135,mentioned
986,133,mentioned
986,135,mentioned
987,133,mentioned
987,135,mentioned
987,591,mentioned
988,133,mentioned
988,135,mentioned
988,587,mentioned
988,728,mentioned
989,133,mentioned
989,135,mentioned
989,729,mentioned
990,69,mentioned
990,133,mentioned
990,135,mentioned
990,652,mentioned
990,657,mentioned
991,131,mentioned
991,133,mentioned
991,135,mentioned
991,599,mentioned
991,730,mentioned
992,91,mentioned
992,133,mentioned
992,135,mentioned
992,666,mentioned
992,731,mentioned
993,32,mentioned
993,133,mentioned
993,135,mentioned
993,732,mentioned
994,1,mentioned
994,133,mentioned
994,135,mentioned
994,412,mentioned
994,574,mentioned
995,0,mentioned
995,4,mentioned
995,133,mentioned
995,594,mentioned
996,4,mentioned
1000,0,mentioned
1000,133,mentioned
1000,412,mentioned
1000,553,mentioned
1000,587,mentioned
1000,733,mentioned
1001,412,mentioned
1001,550,mentioned
1001,553,mentioned
1001,587,mentioned
1002,412,mentioned
1002,549,mentioned
1002,553,mentioned
1002,587,mentioned
1003,9,mentioned
1004,9,mentioned
1004,71,mentioned
1005,9,mentioned
1006,6,mentioned
1006,412,mentioned
1006,587,mentioned
1007,19,mentioned
1007,412,mentioned
1007,587,mentioned
1008,133,mentioned
1008,412,mentioned
1008,587,mentioned
1008,655,mentioned
1009,21,mentioned
1009,89,mentioned
1009,133,mentioned
1009,412,mentioned
1009,554,mentioned
1009,587,mentioned
1012,4,mentioned
1012,89,mentioned
1012,133,mentioned
1012,412,mentioned
1012,562,mentioned
1012,587,mentioned
1013,1,mentioned
1013,71,mentioned
1013,133,mentioned
1013,412,mentioned
1013,734,mentioned
1014,71,mentioned
1014,133,mentioned
1014,412,mentioned
1014,735,mentioned
1015,1,mentioned
1015,131,mentioned
1015,133,mentioned
1015,135,mentioned
1015,412,mentioned
1015,736,mentioned
1016,91,mentioned
1016,133,mentioned
1016,412,mentioned
1016,737,mentioned
1017,17,mentioned
1017,133,mentioned
1017,135,mentioned
1017,412,mentioned
1018,133,mentioned
1018,135,mentioned
1018,412,mentioned
1018,738,mentioned
1019,7,mentioned
1019,133,mentioned
1019,412,mentioned
1019,739,mentioned
1020,1,mentioned
1020,91,mentioned
1020,133,mentioned
1020,412,mentioned
1020,740,mentioned
1021,18,mentioned
1021,91,mentioned
1021,133,mentioned
1021,412,mentioned
1021,741,mentioned
1022,133,mentioned
1022,135,mentioned
1022,489,mentioned
1022,742,mentioned
1023,133,mentioned
1023,743,mentioned
1024,133,mentioned
1024,135,mentioned
1024,744,mentioned
1025,133,mentioned
1025,412,mentioned
1025,745,mentioned
1026,133,mentioned
1026,746,mentioned
1027,133,mentioned
1027,747,mentioned
1028,133,mentioned
1028,412,mentioned
1028,748,mentioned
1029,131,mentioned
1029,133,mentioned
1029,412,mentioned
1029,749,mentioned
1030,133,mentioned
1030,412,mentioned
1030,750,mentioned
1031,133,mentioned
1035,133,mentioned
1035,557,mentioned
1035,658,mentioned
1036,133,mentioned
1036,557,mentioned
1036,658,mentioned
1036,667,mentioned
1036,751,mentioned
1037,133,mentioned
1037,557,mentioned
1037,658,mentioned
1038,133,mentioned
1038,557,mentioned
1038,658,mentioned
1039,122,mentioned
1039,133,mentioned
1039,412,mentioned
1039,667,mentioned
1040,122,mentioned
1040,133,mentioned
1040,412,mentioned
1040,667,mentioned
1041,133,mentioned
1041,412,mentioned
1041,667,mentioned
1042,133,mentioned
1042,412,mentioned
1042,667,mentioned
1043,20,mentioned
1043,133,mentioned
1043,667,mentioned
1043,672,mentioned
1044,133,mentioned
1044,412,mentioned
1044,667,mentioned
1045,133,mentioned
1045,412,mentioned
1045,667,mentioned
1045,752,mentioned
1047,412,mentioned
1047,587,mentioned
